Product Title,SKU #,UPC,Whole Sale Price Per Unit 
WHOLESALE SCARF HANGERS - ASSORTED COLORS,SKU #1935502 ,,$3.21 
WHOLESALE JETSETTER FOLDABLE SUNGLASSES,SKU #1777670 ,UPC: 722950238493,$4.95 
WHOLESALE SCARF HANGER ORGANIZER / SPACE SAVER,SKU #1935504 ,,$3.21 
WHOLESALE STRIPED SHEER SCARVES - NEUTRAL COLORS,SKU #1933907 ,UPC: 722950271131,$2.10 
WHOLESALE LAVELLO FLEXISCARF VERSATILE RUFFLED SCARF,SKU #1946470 ,UPC: 722950275429,$2.58 
WHOLESALE LAVELLO FLEXISCARF VERSATILE RUFFLED SCARF - ASSORTED,SKU #1946468 ,UPC: 722950275412,$2.58 
WHOLESALE SIZZLE SHADES KIDS SUNGLASSES,SKU #1258279 ,UPC: 722950228272,$1.97 
WHOLESALE RAIN PONCHOS,SKU #1903939 ,UPC: 049392079812,$0.57 
WHOLESALE NEON RUBBER SUNGLASSES,SKU #1895082 ,UPC: 049392610428,$0.60 
WHOLESALE SEEVIX VALUE READERS ASSORTED STYLES & DIOPTERS,SKU #1917649 ,UPC: 030968030023,$0.81 
WHOLESALE NEON BANDANAS,SKU #1903837 ,UPC: 049392628409,$0.55 
WHOLESALE SOLARFLAIR VALUE SUNGLASSES ASSORTED,SKU #1917650 ,UPC: 030968025005,$0.89 
WHOLESALE RED BANDANAS,SKU #1903943 ,UPC: 049392680025,$0.55 
WHOLESALE BANDANAS - WHITE,SKU #1904803 ,UPC: 049392605691,$0.55 
WHOLESALE ASSORTED BANDANAS,SKU #2127689 ,UPC: 856434012030,$1.05 
WHOLESALE RAIN PONCHO - ONE SIZE FITS ALL,SKU #1875885 ,UPC: 097958007007,$0.95 
WHOLESALE AMERICAN FLAG PATTERN BANDANAS,SKU #1903536 ,UPC: 049392616833,$0.55 
"WHOLESALE 43"" TWO-FOLD UMBRELLA",SKU #2134164 ,UPC: 8276809005917,$2.99 
WHOLESALE STRAW SUN BONNET,SKU #1932249 ,UPC: 085754168527,$2.42 
WHOLESALE NEON PLASTIC VISORS,SKU #1776479 ,UPC: 049392606032,$0.37 
WHOLESALE FOAM VISORS,SKU #1776480 ,UPC: 049392611456,$0.38 
WHOLESALE READING GLASSES,SKU #678620 ,,$1.30 
WHOLESALE BULK MINI UMBRELLA,SKU #1266926 ,,$3.20 
WHOLESALE BULK FOLDING UMBRELLA,SKU #1982900 ,UPC: 856434014225,$3.79 
WHOLESALE FOLDING UMBRELLA,SKU #1933756 ,UPC: 097958050225,$2.59 
WHOLESALE CASUAL OUTFITTERS 10 PIECE SHAPEABLE HAT SET,SKU #432495 ,UPC: 024409942570,$10.70 
WHOLESALE FOSTER GRANT SUNGLASSES,SKU #1940296 ,,$1.50 
WHOLESALE ALL-WEATHER WATERPROOF PONCHO,SKU #704158 ,UPC: 024409981203,
WHOLESALE WOVEN COWBOY FASHION HAT WITH NECK CORD,SKU #1949341 ,UPC: 731015232260,$2.25 
WHOLESALE KID'S POLAR FLEECE GLOVES,SKU #1981308 ,UPC: 856434012597,$1.45 
WHOLESALE MEN'S POLAR FLEECE GLOVES,SKU #1981305 ,UPC: 856434001218,$1.45 
WHOLESALE WOMEN'S POLAR FLEECE GLOVES,SKU #1981303 ,UPC: 856434012603,$1.45 
WHOLESALE DEZIGNER ALTERNATIVES BULK SUNGLASSES,SKU #673510 ,,$1.86 
WHOLESALE LARGE STRAW HAT LIFEGUARD STYLE 20 INCH,SKU #1997873 ,,$5.20 
WHOLESALE ASSORTED SUNGLASSES,SKU #49895 ,,$0.95 
WHOLESALE RAINCOAT WITH POCKET,SKU #102367 ,,$0.60 
WHOLESALE BLACK & WHITE HAIR BANDS SET,SKU #113636 ,UPC: 731015054589,$0.87 
WHOLESALE LADY'S WOVEN SUN HAT,SKU #1776474 ,UPC: 049392106228,$2.43 
WHOLESALE CLOSEOUT FLORAL PRINTED UMBRELLAS,SKU #1782145 ,,$3.15 
WHOLESALE DIAMOND PLATE ASSORTED COTTON SKULL CAPS,SKU #704180 ,UPC: 024409937965,$1.91 
"WHOLESALE ALL-WEATHER 24 PIECE 42"" UMBRELLAS IN COUNTERTOP DISPLAY",SKU #378436 ,UPC: 024409056994,$3.21 
WHOLESALE NATURAL STRAW FEDORA HAT,SKU #1917157 ,,$2.35 
WHOLESALE PRINT SCARVES,SKU #673527 ,,$0.90 
WHOLESALE ADULT MAGIC STRETCH GLOVES,SKU #183006 ,UPC: 701953047035,$0.78 
WHOLESALE BROWN PLAIN BELT - ASSORTED SIZES,SKU #1793256 ,,$1.77 
WHOLESALE HEAT FACTORY MINI HAND WARMER,SKU #915540 ,UPC: 037137195323,$1.15 
WHOLESALE OPTI-KA-ZOO KIDS SUNGLASSES,SKU #1258278 ,UPC: 722950203767,$1.98 
WHOLESALE LADIES STRAW HAT WITH RIBBON,SKU #1940264 ,UPC: 085754168497,$1.67 
WHOLESALE NYLON PLAID FOLDING UMBRELLA,SKU #208211 ,UPC: 731015054299,$3.91 
WHOLESALE WOMAN'S SUMMER HAT WITH POLKA DOT BOW,SKU #1863346 ,,$1.75 
WHOLESALE MENS CAMOUFLAGE BUCKET HAT,SKU #1917232 ,,$1.96 
WHOLESALE READING GLASSES - MENS,SKU #681720 ,,$1.30 
WHOLESALE TRANSLUCENT READING GLASSES COUNTERTOP DISPLAY,SKU #789960 ,UPC: 731015162437,$1.06 
WHOLESALE PLAIN ASSORTED COLOR FEDORA HAT,SKU #1875521 ,,$2.64 
WHOLESALE CASUAL OUTFITTERS ASSORTED WOMEN'S' FLOPPY SUN HATS,SKU #1224940 ,UPC: 024409975974,$4.90 
WHOLESALE CREATIVE COLORS ADULT RAIN PONCHO,SKU #1996223 ,UPC: 619342104071,$0.67 
WHOLESALE LOLLIBANDS HAIRBANDS,SKU #1221563 ,UPC: 722950227244,$1.28 
WHOLESALE REBEL SPORT POLARIZED SUNGLASSES,SKU #1893841 ,,$4.90 
WHOLESALE METAL FRAME SUNGLASSES,SKU #790624 ,,$0.85 
WHOLESALE SUNGLASSES,SKU #790600 ,,$0.86 
WHOLESALE READING GLASSES,SKU #49897 ,,$1.05 
NEW! WHOLESALE NARROW FRAMED READING GLASSES,SKU #2184357 ,UPC: 739042012961,$1.01 
WHOLESALE BLACK BELT - ASSORTED SIZES,SKU #1793257 ,,$2.13 
WHOLESALE STRAW COWBOY HATS - ASSORTED COLORS,SKU #1034157 ,,$6.03 
WHOLESALE FISHING/SAFARI STYLE HATS,SKU #1980761 ,,$2.79 
WHOLESALE BLACK FELT FEDORA HAT,SKU #1776823 ,,$2.71 
WHOLESALE STRAW GAMBLER HAT,SKU #1776475 ,,$2.71 
WHOLESALE WEATHERZONE JUMBO GOLF UMBRELLAS,SKU #1893860 ,,$6.90 
WHOLESALE AVIATOR SUNGLASSES,SKU #1904187 ,UPC: 049392620205,$1.03 
WHOLESALE WESTERN COWBOY HAT - ASSORTED COLOR,SKU #1793286 ,,$3.44 
WHOLESALE 16 HOUR BODY WARMERS,SKU #1944833 ,UPC: 616983315033,$1.10 
WHOLESALE ACRYLIC FRAME PAISLY LOOK READERS GLASSES,SKU #682887 ,,$1.14 
WHOLESALE RAINBOW FEDORA HAT,SKU #1875514 ,,$2.95 
WHOLESALE UMBRELLA - FOLDED,SKU #1341001 ,,$3.25 
WHOLESALE KNIT MEN'S GLOVES,SKU #2132480 ,UPC: 701953017908,$0.73 
"WHOLESALE CHILDREN'S WINTER GLOVES (5""- 5.5"")",SKU #1931135 ,,$0.83 
WHOLESALE 507 FASHION KNIT GLOVES IN ASSORTED COLORS,SKU #1875277 ,,$1.09 
WHOLESALE KNIT SKI CAP - ASSORTED COLORS,SKU #2132481 ,UPC: 701953082913,$0.83 
WHOLESALE MEN'S WINTER HAT - ASSORTED COLORS,SKU #2124670 ,,$1.20 
WHOLESALE ADULT KNIT WINTER HATS,SKU #49735 ,,$1.25 
WHOLESALE DIAMOND PLATE ASSORTED COTTON SKULL CAP SET,SKU #1224864 ,UPC: 024409981876,$1.53 
WHOLESALE PRISMATIC METAL READERS GLASSES,SKU #1265299 ,UPC: 030968033017,$2.42 
WHOLESALE BOONIE HATS COWBOY STYLE FISHING HATS,SKU #1987714 ,,$2.85 
WHOLESALE RAINWORTHY COMPACT UMBRELLAS,SKU #339848 ,,$4.00 
WHOLESALE WEATHER STATION ADULT PONCHOS,SKU #1893853 ,,$5.09 
WHOLESALE SUMMER HUNTING FISHING HAT WITH NECK COVER,SKU #1894518 ,,$6.47 
WHOLESALE BANDANAS - BLACK,SKU #1904798 ,UPC: 049392605615,$0.55 
WHOLESALE BULK LADIES HANDKERCHIEFS- FLORAL- 3 PACK,SKU #1793203 ,UPC: 693315662652,$1.21 
WHOLESALE DESIGNER SCARVES BY LAVELLO,SKU #1471700 ,UPC: 722950240007,$2.52 
WHOLESALE FLOPPY TOPS KIDS REVERSABLE SUN HAT,SKU #1221134 ,UPC: 722950220474,$5.54 
WHOLESALE CHILDRENS PONYO,SKU #676537 ,,$0.77 
WHOLESALE HAIR SCRUNCHIES,SKU #675276 ,,$0.85 
WHOLESALE CHILDRENS SUNGLASSES,SKU #790644 ,,$0.86 
WHOLESALE OVERSIZED BLACK BANDANA,SKU #1944670 ,UPC: 016318207932,$0.76 
WHOLESALE HANDKERCHIEF - WHITE,SKU #678623 ,,$1.25 
WHOLESALE RAIN PONCHOS FOR ADULTS,SKU #678481 ,,$1.50 
WHOLESALE LIGHT WEIGHT SCARVES ASSORTED STYLES,SKU #1194124 ,,$1.73 
WHOLESALE ST. PAT BASEBALL HAT,SKU #2132788 ,UPC: 889070220477,$2.02 
WHOLESALE CLOSEOUT MENS FLEECE GLOVES,SKU #299328 ,UPC: 039753602025,$1.38 
WHOLESALE WOMEN'S MEDIUM LENS THICK FRAME SUNGLASSES,SKU #1940905 ,,$5.18 
"WHOLESALE ALL-WEATHER 42"" PINK AND CLEAR DOME UMBRELLA",SKU #1224955 ,UPC: 024409987250,
WHOLESALE CASUAL OUTFITTERS COWBOY HAT SET,SKU #1993292 ,UPC: 024409513664,$9.40 
WHOLESALE CHILDREN'S JEWELRY/HAIR ACCESSORY DISPLAY,SKU #1082372 ,UPC: 613153996115,$0.85 
WHOLESALE BLACK BOBBY PINS WITH SOFT TIPS,SKU #215569 ,UPC: 731015010622,$0.87 
WHOLESALE CLOSEOUT HAIR ACCESSORY COUNTER TOP DISPLAY,SKU #1335034 ,UPC: 731015185092,$1.59 
WHOLESALE FUNKY TIE-DYED BANDANA,SKU #531479 ,UPC: 034689607618,$2.09 
WHOLESALE PINK BANDANA,SKU #1439864 ,UPC: 097138648396,$1.75 
WHOLESALE PLUSH ANIMAL HATS 12 DIFFERENT ANIMALS ASSORTED,SKU #1226444 ,,$6.00 
WHOLESALE CAMOUFLAGE PRINT BANDANAS,SKU #1903592 ,UPC: 049392621073,$0.55 
WHOLESALE CLOSEOUT AS SEEN ON TV 3 PACK SNAP-ON FEATHERS EXTENSIONS,SKU #1261533 ,,$1.00 
WHOLESALE GLITTER TOP HATS,SKU #1776826 ,UPC: 049392625187,$1.32 
WHOLESALE KIDS FLORAL BUCKET SUMMER HAT WITH BOW,SKU #1917190 ,,$0.99 
WHOLESALE PLAIN COLOR KIDS SUMMER HAT,SKU #1875811 ,,$1.96 
WHOLESALE KIDZ EYEWEAR CHILDREN'S SUNGLASSES,SKU #1893837 ,,$1.80 
WHOLESALE UNITED STATES VETERAN HAT,SKU #1796983 ,,$3.17 
WHOLESALE MEN SUMMER HATS - ASSORTED COLOR,SKU #1917237 ,,$3.76 
WHOLESALE ASSORTED COLOR BRAIDED HAIR PIECES,SKU #1776282 ,UPC: 049392013670,$0.15 
WHOLESALE CHILDRENS HAIR ACCESSORIES,SKU #675274 ,,$0.86 
NEW! WHOLESALE SILKY SMOOTH ASSORTED WOMEN'S SCARF BANDANAS,SKU #2182154 ,,$0.86 
WHOLESALE ADULT/YOUTH MAGIC GLOVES BLACK,SKU #1226718 ,,$0.95 
WHOLESALE CLOSEOUT BANDANAS - ASSORTED COLORS,SKU #1949802 ,,$0.95 
WHOLESALE READING GLASSES METAL FRAMES 1.0-3.5 POWER,SKU #1183613 ,,$1.41 
WHOLESALE CHILDREN'S HOODED RAIN PONCHO,SKU #112577 ,UPC: 731015052325,$0.98 
WHOLESALE UMBRELLA HATS - MIXED COLORS,SKU #993063 ,,$1.55 
WHOLESALE CLOSEOUT READING GLASSES ASSORTMENT,SKU #915434 ,,$1.72 
WHOLESALE TIE DYE COLOR ASSORTMENT LIGHT SCARF,SKU #1194122 ,,$1.73 
WHOLESALE LIGHT WEIGHT SCARVES - ASSORTED COLORS AND STYLES,SKU #1034149 ,,$1.73 
WHOLESALE SOLID BLACK SUSPENDERS,SKU #1785655 ,,$1.76 
WHOLESALE PINK CAMO BANDANA,SKU #531477 ,UPC: 034689160205,$1.79 
WHOLESALE UNISEX WINTER KNIT CAPS,SKU #993119 ,,$2.00 
WHOLESALE RAINBOW COLORED SUSPENDERS,SKU #1785676 ,,$2.45 
WHOLESALE DEMI FRAME READERS GLASSES WITH CASES AND DISPLAY,SKU #1893844 ,,$2.41 
WHOLESALE BASEBALL HATS,SKU #683917 ,,$3.19 
WHOLESALE UMBRELLA- PLAID,SKU #1819404 ,,$3.25 
WHOLESALE ADJUSTABLE BASEBALL HATS CAPS REBEL,SKU #697766 ,,$3.45 
WHOLESALE STRAW COWBOY HAT,SKU #1821088 ,,$3.45 
WHOLESALE FIRE DEPARTMENT BASEBALL HAT,SKU #782360 ,,$3.45 
WHOLESALE OPTISPEX MAGNIFYING NECKLACE GLASSES,SKU #1945541 ,UPC: 722950276969,$3.65 
WHOLESALE PARK RANGER HAT,SKU #1895850 ,UPC: 085754162426,$4.45 
"WHOLESALE ALL-WEATHER 12 PIECE 40"" UMBRELLAS IN COUNTERTOP DISPLAY",SKU #704197 ,UPC: 024409949739,$4.05 
WHOLESALE CLOSEOUT LONDON FOG MEN'S GREY NEWSBOY CAP,SKU #2130632 ,,$6.00 
WHOLESALE YUPOONG BRUSHED COTTON TWILL 6-PANEL MID-PROFILE SANDWICH CAP,SKU #2021872 ,,
"WHOLESALE ALL-WEATHER 48"" AUTO-OPEN UMBRELLA",SKU #1224959 ,UPC: 024409928307,
WHOLESALE SUNLILY ROLL-N-GO SUN HAT,SKU #2128836 ,UPC: 722950288818,$9.75 
WHOLESALE SUNLILY BALI WRAP - ASSORTED COLORS,SKU #1949553 ,UPC: 722950275610,$9.90 
WHOLESALE ADAMS 6-PANEL UV LOW-PROFILE CAP WITH ELONGATED BILL AND NECK CAPE,SKU #2020627 ,,
WHOLESALE EYEGLASS REPAIR KIT COUNTERTOP DISPLAY,SKU #1944575 ,UPC: 781274323070,
WHOLESALE GIRL'S CUTE ASSORTED ANIMAL SCARF/EAR MUFF SET,SKU #1930542 ,,$5.15 
WHOLESALE IMPRESS 3-PIECE BLACK HAIR NETS (144-CT CASE),SKU #1870435 ,,$0.87 
WHOLESALE TINKER BELL GIRL'S HAIR DISPLAY ASSORTMENT,SKU #1082247 ,UPC: 613153993008,$0.88 
WHOLESALE CHILDREN'S KNIT MAGIC GLOVES,SKU #2132474 ,UPC: 701953048308,$0.70 
WHOLESALE ELASTIC HAIR BANDS COUNTERTOP DISPLAY,SKU #1278740 ,UPC: 731015166459,$0.80 
WHOLESALE POWER CLUB BLACK BEANIE HATS,SKU #903402 ,UPC: 063910180019,$1.10 
NEW! WHOLESALE METAL FRAME READING GLASSES DISPLAY,SKU #2182723 ,UPC: 758266004125,$1.10 
WHOLESALE SHEER SCARF,SKU #2124672 ,,$1.30 
WHOLESALE MEN'S HAT & GLOVES SET - 3 ASSORTED COLORS,SKU #2124669 ,,$1.40 
WHOLESALE USA EAGLE BIKE EMBROIDERED BANDANA/SKULL CAP,SKU #2123636 ,,$1.70 
WHOLESALE BORN IN THE USA EMBROIDERED BANDANA/SKULL CAP,SKU #2123635 ,,$1.70 
WHOLESALE CASUAL OUTFITTERS PRINTED TUBE HEADBAND,SKU #1797316 ,UPC: 024409981821,$1.36 
WHOLESALE VENTURE READERS,SKU #1265294 ,UPC: 030968033369,$1.62 
WHOLESALE JOCKEY STRUCTURED BASEBALL CAP/HAT - KHAKI/BLACK,SKU #1995935 ,,$1.89 
WHOLESALE ZEBRA PRINT SUNGLASSES WITH BOW,SKU #1470236 ,UPC: 097138775344,$1.97 
WHOLESALE RIBBONZ ELASTIC HAIR TIE/BRACELET 5-PACK,SKU #2132973 ,,$1.66 
WHOLESALE SAFARI READERS,SKU #1265296 ,UPC: 030968033338,$1.62 
WHOLESALE WOMEN'S WOVEN FASHION HAT,SKU #1756429 ,UPC: 731015189021,$1.36 
WHOLESALE BIG ACCESSORIES 6-PANEL STRUCTURED TRUCKER CAP,SKU #2020738 ,,
WHOLESALE LAVELLO INFINITY SCARF,SKU #1917080 ,UPC: 722950269893,$2.80 
WHOLESALE HOMETOWN CLASSICS INFINITY SCARF,SKU #1941156 ,UPC: 722950271827,$2.80 
"WHOLESALE BOSS SNAP BACK HAT, BASEBALL CAP",SKU #1860544 ,,$3.03 
WHOLESALE BRITT'S KNITS HEAD WARMERS,SKU #1925817 ,UPC: 722950265482,$3.15 
WHOLESALE 100 PIECE GIRL'S HAIR ACCESSORY MEGA PACKS,SKU #2132844 ,,$2.82 
WHOLESALE WOMAN NEWSBOY HATS - ASSORTED COLORS,SKU #1935206 ,,$3.45 
WHOLESALE BIG ACCESSORIES 6-PANEL BRUSHED TWILL UNSTRUCTURED CAP,SKU #2021755 ,,
NEW! WHOLESALE YOUTH FOOTBALL BELT - BLACK,SKU #2256587 ,,
NEW! WHOLESALE ADULT FOOTBALL BELT - BLACK,SKU #2199994 ,,
WHOLESALE WOMEN'S FEDORA HATS WITH FLOWER BANDS,SKU #1895260 ,,$3.95 
WHOLESALE GIRLS MULTI ZIG-ZAG HAT & GLOVES SET,SKU #2127189 ,UPC: 891388016444,$4.00 
WHOLESALE BOYS SLEEPY MONSTER HAT & GLOVES SET,SKU #2127176 ,UPC: 891388016550,$4.00 
WHOLESALE PIZZA HAT,SKU #1776531 ,,$4.23 
WHOLESALE BIG ACCESSORIES COTTON TWILL VISOR,SKU #2022364 ,,
WHOLESALE ANVIL SOLID BRUSHED TWILL CAP,SKU #2021975 ,,
WHOLESALE WEATHER STATION YOUTH PONCHOS,SKU #1893854 ,,$4.75 
WHOLESALE TEAM 365 STRIPED POM BEANIE,SKU #2040319 ,,
WHOLESALE ADAMS ACE VAT-DYED TWILL VISOR,SKU #2022231 ,,
"WHOLESALE RAINWORTHY 60"" GOLF UMBRELLAS",SKU #315709 ,UPC: 607656000301,$7.10 
WHOLESALE STRAW COWBOY HAT WITH MEDALLION,SKU #1980816 ,,$7.25 
WHOLESALE AUTHENTIC PIGMENT PIGMENT-DYED RAW-EDGE PATCH BASEBALL CAP,SKU #2020640 ,,
WHOLESALE CLASSIC SAFARI DIGITAL CAMO RAIN JACKET - MEDIUM/LARGE,SKU #1797521 ,UPC: 024409488801,
WHOLESALE CLASSIC SAFARI DIGITAL CAMO RAIN JACKET - XL/2X,SKU #1797514 ,UPC: 024409488825,
WHOLESALE KIDS' PVC/RUBBER RAIN BOOTS (SIZE 5-10),SKU #1934201 ,UPC: 125522000557,$9.40 
WHOLESALE FASHION SPORT SUNGLASSES,SKU #376362 ,UPC: 758266004453,$2.40 
CRA-Z-ART WASHABLE MARKERS CLASSIC 10CT,SKU #1271029,UPC: 884920100022,$2.21 
PLUSH BOWLING PIN,SKU #1909791,UPC: 085754046931,$0.10 
DINOSAUR FIGURES,SKU #2184484,UPC: 841175113467,$1.08 
2.4 G 2CH GLIDER RC JETS AP85,SKU #1866497,null,$36.75 
OWL PENCIL SHARPENERS,SKU #1904927,null,$1.52 
COTTON CANDY ROCK CANDY STICKS (8),SKU #1918185,null,$3.41 
"COMFIES - 7.5"" BLUE BABY SITTING BLUE ELEPHANT",SKU #1946613,null,$2.69 
18 CT. ERASERS - ASSORTED,SKU #1989663,UPC: 619342010723,$1.07 
FORCE COMBAT SOLDIERS,SKU #1936265,UPC: 841175107756,$142.01 
12 INCH PLASTIC MUSICAL FLUTE,SKU #891887,null,$14.69 
ENORMOUS INFLATABLE BEACH BALLS,SKU #1776912,UPC: 049392211205,$0.28 
"WHITE DOLL STAND - 9.5""",SKU #691442,UPC: 028444812171,$39.90 
PLAY PAIL WITH COVER & HANDLE 84OZ,SKU #401399,UPC: 721003412521,$0.29 
6 PIECE SET DIE CAST POLICE DEPARTMENT VEHICLES,SKU #1945557,null,$2.81 
"7.5"" ZOO ANIMALS PLUSH WITH HOOK AND LOOP CLOSURE",SKU #1934561,null,$0.81 
"BALLPOINT STICK PENS ""PACKAGE OF 48""",SKU #1282937,null,$9.54 
BUBBLE WANDS 10 PIECE SET,SKU #1820681,null,$0.87 
RETRACTABLE BALL POINT PEN 3/PACK - 4 COLORS IN 1,SKU #1285164,UPC: 672672138543,$0.63 
FARM ANIMAL WOOLY BALLS,SKU #1776671,UPC: 049392012581,$7.87 
POSEABLE FIREFIGHTERS,SKU #1903751,UPC: 049392624401,$5.00 
WHITE NONPAREILS SPRINKLES - 3 OZ.,SKU #663171,UPC: 070896717733,$0.66 
DELUXE PUPPET THEATER,SKU #538595,UPC: 000772025300,$4.82 
CARTOON FARM FIGURES,SKU #1776676,UPC: 049392042298,$2.66 
"FRICTION MOTORCYCLE W/RIDER 15""",SKU #1902199,UPC: 688999033997,$4.75 
FRESH GOURMET DRIED CRANBERRIES,SKU #1851506,UPC: 086631025438,$1.84 
MISPRINT SUPER BRIGHT LED FLASHLIGHT PLASTIC PEN,SKU #1766364,null,$14.69 
COLORED PENCILS-ASSORTED COLORS 12 PK,SKU #1457743,UPC: 042196617204,$14.69 
TEXTURED BLOCKS - 80 PCS,SKU #1916494,UPC: 7290010424924,$0.38 
FARM ANIMALS,SKU #2184487,UPC: 841175113528,$1.34 
"FRICTION SPORT CAR SET ( 3PCS SET ) 6.0""",SKU #2122938,UPC: 688999009091,$9.54 
PEPPERIDGE FARM GOLDFISH FLAVOR BLASTED XTREME HOT N SPICY CHEDDAR,SKU #1175720,null,$6.77 
S.S. WHALE WILLIE SAND SIFTER,SKU #1944250,UPC: 076666138128,$8.46 
WAX STICKS - 30 COUNT,SKU #1934948,null,$0.44 
STERLING ELEPHANT,SKU #1124078,UPC: 000772076029,$0.52 
SCHLEICH WILD LIFE ANIMALS (SEAL),SKU #1847590,UPC: 4005086147027,$5.13 
SMARTIES TROPICAL CANDY 5 OUNCE BAG,SKU #1064807,null,$14.69 
GLACIER POLAR BEAR,SKU #1124006,UPC: 000772076098,$29.41 
WIND UP FROG,SKU #1949085,UPC: 815895017176,$1.55 
WILD ANIMAL WOOLY BALLS,SKU #1776725,UPC: 049392012611,$1.47 
DIE CAST CAR WITH EYES,SKU #1935150,UPC: 085754164871,$0.53 
FARM TRACTOR,SKU #1997811,UPC: 841175114150,$1.27 
SCHLEICH WILD LIFE ANIMALS (DOLPHIN),SKU #1847587,UPC: 4005086146990,$4.31 
MIX UPS CANDY ASSORTMENT,SKU #1776943,null,$18.37 
ZOMBIE FINGER PUPPETS,SKU #1932234,UPC: 085754168800,$4.49 
SMUCKERS SUGAR FREE BREAKFAST SYRUP,SKU #680161,null,$2.69 
WORKBOOK BEGINING PHONICS,SKU #905204,UPC: 076645021076,$5.00 
"FLYING DISCS - 8""",SKU #1895098,UPC: 049392678664,$48.51 
JUNIOR RHYTHM BAND,SKU #1916594,UPC: 7290014329218,$0.80 
SPACEGATE 19622 2.4GHZ SEARCHER DRONE,SKU #2178875,null,$136.75 
DOG BOBBLEHEADS,SKU #1776659,UPC: 049392019252,$0.81 
GENERAL MILLS TOTAL CEREAL BOX,SKU #362168,null,$0.77 
CLOWN FISH BUBBLES,SKU #1944848,null,$4.94 
BORDER COLLIE - PLUSH DOG,SKU #539023,UPC: 000772048682,$0.47 
PINE CAR DERBY WEIGHTS 2.3 OUNCES-STRIP,SKU #1780038,UPC: 724771003526,$0.31 
FRICTION TRUCK CARRIER,SKU #1902232,UPC: 688999128884,$2.10 
8-PACK KID FUN CRAYONS,SKU #1777889,UPC: 049392611326,$1.04 
UPPER & LOWERCASE ALPHABET,SKU #538366,UPC: 000772000475,$31.50 
FUN SHAPE PENCIL SHARPENERS,SKU #365187,UPC: 731015128358,$0.42 
PRINCESS MOUNTAIN,SKU #1934088,UPC: 810017010387,$1.74 
41'' KICK-BOARD,SKU #2130626,UPC: 841175110329,$7.04 
SOPHIE COLLECTION,SKU #1933891,UPC: 841175103765,$0.51 
RITUALS HOUSE BLEND COFFEE,SKU #652018,UPC: 758108073838,$0.02 
CANDY PEZ BEST OF DISNEY PIXAR - 108 PIECE FLOOR D,SKU #1994976,null,$1.59 
10? 1:14 LAMBORGHINI AVENTADOR LP700 ORANGE LA14O,SKU #1866569,null,$4.03 
NISSIN CHOW MEIN - KUNG PAO CHICKEN FLAVOR,SKU #1895231,UPC: 7066208277,$6.49 
AMELIA DOLL TRIO LIGHT SKIN,SKU #1895312,UPC: 688999101665,$4.03 
OUTER SPACE EXPLORER,SKU #1934121,UPC: 810017013036,$1.66 
NABISCO LORNA DOONE SHORTBREAD COOKIES,SKU #652093,null,$14.62 
NINJA PARACHUTIST,SKU #1902270,null,$1.61 
"SANFORD INK CORPORATION PERMANENT MARKER, FINE POINT, 3/PK, ASSORTED",SKU #969678,UPC: 071641301733,$0.50 
PEANUT BUTTER & CO DARK CHOCOLATE DREAMS SQUEEZE PACK (1.15 OZ),SKU #1487536,UPC: 851087000366,$5.00 
ARM BANDS,SKU #2133399,null,$18.38 
BUBBLE BATON STICK 15 IN.,SKU #1895454,null,$3.66 
K & S METAL STREAMLINES (ALUMINUM) - 3/8 IN.,SKU #1848781,UPC: 614121111028,$0.16 
THE ORIGINAL CHEX MIX - HOT 'N SPICY,SKU #1785605,UPC: 016000319349,$1.84 
"LARGE WHITE T - SHIRT WITH "" BEST MOM"" EMBOSSED",SKU #1947992,null,$0.52 
SEA LIFE TUB,SKU #1949112,UPC: 874621002350,$0.33 
SOFIA COLLECTION,SKU #2168941,UPC: 841175106490,$0.45 
"38"" WHITE CUDDLE BEAR W/RIBBON",SKU #1265666,null,$1.21 
FLASH POP RINGS,SKU #1776924,null,$0.35 
PLUSH ANIMAL: LEXIE BLACK CAT,SKU #1123992,UPC: 000772075435,$12.49 
CRAYOLA CRAYONS-16/PKG,SKU #655621,UPC: 071662000165,$1.47 
CRAYOLA CRAYON CLASSICS,SKU #1776579,null,$16.56 
RHINOCEROS - PLUSH,SKU #1858511,UPC: 000772088329,$0.46 
DINOSAUR DOME,SKU #1934070,UPC: 810017010011,$0.64 
DASH .7MM MECHANICAL PENCIL,SKU #1850745,null,$9.49 
FASHION BEAUTY SET,SKU #2127093,UPC: 841175116260,$18.38 
SHAKE 'N ROLL,SKU #1916583,UPC: 7290014329393,$0.47 
STASH ORANGE SPICE BLACK TEA,SKU #362799,UPC: 077652510607,$16.87 
"DIRT DEMONS 3"" DIE CAST",SKU #905764,UPC: 090159150305,$1.18 
REFILLABLE CORRECTION TAPE MR 5MMX6M-BLUE,SKU #2189998,UPC: 893357000164,$3.91 
BULK CRAYONS  ASSORTED COLORS - 8 COUNT BOXED,SKU #1192810,UPC: 852134000582,$5.13 
SWAMP THING GARDEN,SKU #1934067,UPC: 810017014538,$1.22 
MINI MOSQUITO ROCKET KIT,SKU #1205943,UPC: 047776013452,$3.81 
ADULT COLORING BOOK EVERYONE LOVES COLORING - MANDALAS,SKU #1930424,UPC: 805219632765,$6.79 
CRAYOLA CRAYONS (BOX OF 8),SKU #1841354,null,$19.81 
LIKE LIFE SNAKES,SKU #1776718,UPC: 049392060971,$14.69 
EVERBEARING STRAWBERRY HYDRO-DOME,SKU #1934084,UPC: 810017010493,$0.37 
"FRICTION MONSTER TRUCK 8""",SKU #1902217,UPC: 688999689200,$0.33 
GULDENS SPICY BROWN MUSTARD,SKU #362220,null,$7.97 
"8"" FLOPPY DOG PLUSH TOY",SKU #1934019,null,$0.96 
FORCE COMBAT SOLDIERS,SKU #1936267,UPC: 841175107718,$12.21 
TWININGS OF LONDON LEMON & GINGER HERBAL TEA,SKU #362968,UPC: 070177075101,$1.00 
ASSORTED STUFFED ANIMALS,SKU #1184164,null,$0.69 
BREAKFAST ON THE GO,SKU #361893,null,$0.17 
PLUSH TIE DYED SNAKES,SKU #1776773,UPC: 049392742594,$3.41 
ROCK AND TROT ROCKING HORSE - PLUSH,SKU #538560,UPC: 000772021371,$0.88 
GLIDERS WITH PROPELLERS,SKU #1903613,UPC: 049392637432,$5.88 
DUM-DUM-POPS CANDY - ASSORTED FLAVORS,SKU #497258,UPC: 030800000603,$1.68 
PLUSH JUMBO REALISTIC LEOPARD,SKU #1905317,UPC: 049392257951,$9.54 
"10"" ANDREA AND FRIENDS",SKU #2123682,UPC: 841175114877,$0.69 
DOUBLE QUICK III S,SKU #2133405,null,$0.23 
TEDDY WEAR,SKU #1472089,UPC: 000772091695,$7.19 
"PEN STYLE HIGHLIGHTER, CHISEL POINT, FLUORESCENT YELLOW",SKU #967812,UPC: 035255361811,$1.15 
"3"" EMOJI PLUSH RAINBOW CLIP ONS",SKU #2191619,null,$26.47 
GOLF PRO INFLATABLE GOLF CLUB & BALL,SKU #1487280,UPC: 084695401540,$0.87 
STUBBIES ERASER,SKU #697830,UPC: 603250675518,$2.06 
JOLLY JELLYFISH SINKERS,SKU #1124091,UPC: 000772066563,$2.57 
DOC MCSTUFFINS DRESS UP SET TOYS,SKU #1931374,UPC: 697675034036,$4.90 
ANDREA AND FRIENDS DOLL,SKU #2123689,UPC: 841175114518,$3.31 
FRICTION PICK UP TRUCK WITH LIGHT (BATTERIES INCLU,SKU #2122935,null,$0.87 
DARK SKIN TRENDY'S GALA EN VOGUE GIRL,SKU #2122921,null,$0.81 
OUTER SPACE ADVENTURE,SKU #1934109,UPC: 810017010158,$2.53 
SHIH TZU - PLUSH DOG,SKU #539018,UPC: 000772048637,$4.41 
HEAVY DUTY 3 MIL CLEAR CARTON SEALING PACKING TAPE,SKU #690228,null,$2.78 
"12.75"" SOPHIE COLLECTION",SKU #2123678,UPC: 841175103734,$0.74 
LEARNING MAT CRAYONS,SKU #538930,UPC: 000772042796,$7.35 
"CRAYONS, 4 IN A BOX - CASE",SKU #676153,UPC: 757709001455,$1.87 
PENCIL SHARPENERS - 4 PACK,SKU #401137,UPC: 871936001139,$0.65 
ANIMAL PRINT BOUNCY BALL - 55 MM,SKU #1904307,null,$0.44 
TOY SHARKS,SKU #1776623,UPC: 049392615140,$0.94 
MARCONI ORGANIC BALSAMIC VINEGAR - PACKET,SKU #1161006,UPC: 072071009893,$0.50 
MINI ANIMAL ASSORTMENT (C),SKU #1905249,UPC: 049392210819,$3.81 
PLUSH HANGING WILD JUNGLE CATS,SKU #1776777,UPC: 049392645475,$14.69 
TIME TO EAT DOLL FEEDING SET,SKU #539037,UPC: 000772048880,$2.21 
SCHLEICH WILD LIFE ANIMALS (SEAL CUB),SKU #1847589,UPC: 4005086147034,$22.04 
KAR'S CRANBERRY ALMOND DELIGHT,SKU #1489307,UPC: 077034089615,$2.57 
PLUSH SMALL REALISTIC TIGER,SKU #1905312,UPC: 049392257920,$14.69 
CROMARTIE HIGH SCHOOL MECHAZAWA,SKU #1895300,UPC: 702727490002,$4.03 
CLASSY BLUE MATTE FINISH PLASTIC RETRACTABLE PEN,SKU #1939773,null,$172.05 
LOCK & ROLL RESCUE GARAGE,SKU #1879029,UPC: 000772045803,$1.37 
TOY GLOW IN THE DARK SPIDERS,SKU #1776640,null,$0.26 
"PINE CAR DERBY DRY TRANSFER DECAL 3""X2-1/2"" SHEET-BEVELED NUMBERS",SKU #1780017,UPC: 724771040156,$7.34 
"MINI RAINBOMAKER - 8""",SKU #1916571,UPC: 7290002582564,$3.66 
"27"" FUN HOOPS",SKU #272141,null,$2.24 
"FRICTION TOWING TRUCK WITH BOAT 20""",SKU #2122939,UPC: 688999058990,$14.69 
SUGAR PACKET PACKAGE OF 2000,SKU #1275945,UPC: 719098400042,$51.46 
PLUSH SMILEY FACES,SKU #1905260,UPC: 049392601440,$2.25 
SIMPLY SUGAR FREE SAMPLER,SKU #1487177,UPC: 855801001929,$3.04 
WORLD TECH TOYS 35939 3.5-CHANNEL NANO HERCULES IR GYRO HELICOPTER,SKU #2181089,null,$4.04 
WATER GUNS,SKU #695132,null,$0.25 
HAPPY GIDDY BINOCULARS,SKU #539075,UPC: 000772060813,$7.86 
PRESCHOOL WORKBOOKS 32 PAGES-PRESCHOOL BASICS,SKU #653926,UPC: 076645021359,$0.04 
TOY NEON SNAKES,SKU #1776711,null,$9.09 
DIAPER BAG SET,SKU #1123920,UPC: 000772048897,$1.75 
DIECAST MILITARY SET (44 PIECE SET),SKU #1895303,UPC: 688999364923,$4.85 
MISPRINT METAL RETRACTABLE PENS (ASSORTED),SKU #1472280,null,$8.44 
LEE KUM KEE HOISIN SAUCE PACKETS,SKU #1850918,null,$0.33 
"13"" INFLATABLE BEACH BALLS",SKU #1776904,UPC: 049392601587,$6.50 
PHYSICAL EDUCATION KIT W/SEVEN BALLS 14 JUMP ROPE,SKU #508568,UPC: 710858018309,$19.81 
DEER - PLUSH,SKU #538568,UPC: 000772021746,$9.54 
PRIMARY PENCIL KIT,SKU #2130380,UPC: 619342022122,$0.32 
DREAM ANGEL FANCY DOLL DRESS,SKU #1949298,UPC: 885861201847,$1.25 
INFLATABLE FOOTBALL GOAL WITH BALL,SKU #1776445,UPC: 049392245927,$14.71 
12 COLOR PENCILS,SKU #1757826,UPC: 764608007853,$6.49 
KEEBLER POP TARTS - STRAWBERRY,SKU #933421,UPC: 038000317309,$41.13 
LION - PLUSH,SKU #538542,UPC: 000772021029,$0.07 
PLUSH SLITHERING SCALY SNAKES WITH BIG EYES,SKU #1776768,UPC: 049392623596,$1.09 
TRAIN PUZZLE ASSORTMENT - DUTCH,SKU #1948900,null,$12.49 
MINI STRETCHY SNAKES,SKU #1776722,UPC: 049392270035,$0.94 
"WHITE STYRENE MALE FIGURES - 1.5""",SKU #1042380,UPC: 853412003738,$1.71 
HORSE - PLUSH STUFFED ANIMAL,SKU #538544,UPC: 000772021050,$5.13 
BONBON BEAR,SKU #1124028,UPC: 000772077255,$1.72 
SLICK SAND MINI KIT,SKU #1934110,UPC: 810017012671,$1.71 
MEADOW MEDLEY LAMBY,SKU #1124049,UPC: 000772074001,$1.12 
MESH BUTTERFLY NET,SKU #49812,UPC: 731015076468,$1.32 
PRINCESS ELISE MAGNETIC DRESS-UP,SKU #538759,UPC: 000772035538,$5.00 
EMOJI GUMBALL REFILL - 1LB,SKU #1997842,UPC: 856082006931,$0.81 
SPARK SHARK TOSS & CATCH,SKU #1124103,UPC: 000772066587,$73.51 
CRACKER JACK (BOX),SKU #1037865,UPC: 030000029121,$3.93 
"12"" FLOPPY PLUSH TOY DOGS",SKU #1934553,null,$1.72 
CUTE BEACH,SKU #2131926,UPC: 841175101761,$1.06 
MINI BEACH BALL ASSORTMENT,SKU #1776915,null,$51.46 
MY PLAYTIME FRIENDS CD,SKU #1905577,UPC: 707529242064,$0.33 
"FRICTION CONSTRUCTION TRUCK (3 ASST.) 13.5""",SKU #1902222,UPC: 688999828838,$0.76 
WIND UP ALLIGATOR,SKU #1949054,UPC: 815895017121,$0.27 
MECHANICAL PENCIL LEADS - 0.5 MM - 6 PACK,SKU #394234,UPC: 852134000957,$1.69 
LARGE PLUSH DICE,SKU #1776791,UPC: 049392720875,$22.04 
"SPRINGFIELD COLLECTION PRE-STUFFED DOLL 18""-EMMA/B",SKU #659540,UPC: 028444618605,$0.96 
DIECAST CITY RACING SET (42 PIECE SET),SKU #1895306,UPC: 688999367924,$64.93 
TRANSPARENT PARTY BUBBLES,SKU #1903878,UPC: 049392673195,$1.50 
"ANIMAL, JUNGLE, FARM, OCEAN & DINOSAUR (4 ASST.) SMALL",SKU #1917056,UPC: 688999299027,$1.69 
WATER WIGGLERS WITH PRINT FROG,SKU #1949082,UPC: 815895017312,$4.47 
BIGELOW CINNAMON APPLE HERB TEA,SKU #361843,UPC: 072310003972,$7.88 
RAINBOW ERASERS,SKU #1860441,UPC: 871936003218,$2.25 
BENTLEY BOXER,SKU #1124071,UPC: 000772074919,$1.00 
LANTERN TIMELESS MINIATURES,SKU #1205301,UPC: 082676200212,$0.58 
"11.4"" 1:14 AUDI TT WHITE ATT14W",SKU #1866504,null,$0.52 
TAFFY TIME CANDY,SKU #1776828,null,$0.44 
NISSIN CHOW MEIN - TERIYAKI BEEF FLAVOR,SKU #1895234,null,$5.08 
PLUSH FLAME FISH,SKU #1776783,UPC: 049392606193,$272.01 
SCARLET FLAMINGO,SKU #1124011,UPC: 000772076326,$8.13 
FOAM SPORTS BALLS,SKU #1776836,UPC: 049392601563,$14.71 
TOY HORSE,SKU #1776674,UPC: 049392615072,$7.34 
FROG WOOLY BALLS,SKU #1776682,UPC: 049392012604,$5.87 
MELISSA & DOUG SHAPE-SORTING DUMP TRUCK,SKU #1949537,UPC: 000772093972,$1.73 
"SOFT PALS TEETHER, RATTLE & SQUEAKER",SKU #1916533,UPC: 7290005076794,$8.99 
"ZLATA, ME, AND THE LETTER Z (ALPHABET FRIENDS)",SKU #1910010,null,$13.35 
BUBBLE FUN PLAY SET,SKU #114764,UPC: 731015065417,$2.57 
COCKER SPANIEL - PLUSH DOG,SKU #539012,UPC: 000772048569,$18.38 
TRIO RATTLE BAND,SKU #1916575,UPC: 7290014329409,$1.34 
"23"" OWL",SKU #1947935,null,$9.54 
BEGINNER BAND SET,SKU #538487,UPC: 000772013185,$0.45 
"2.75"" DIE CAST CAR ASSORTMENT",SKU #1949262,null,$5.03 
COBRA RC TOYS 909314 FOLDING POCKET DRONE WITH CAMERA,SKU #2171713,null,$0.74 
FISH WOOLY BALLS,SKU #1776620,UPC: 049392021453,$18.38 
WORLD TECH TOYS 34891 2-CHANNEL MARVEL IR HELICOPTER & KINETIK AA 50PK,SKU #2181066,null,$0.06 
NISSIN CHOW MEIN WITH SHRIMP,SKU #1895253,null,$0.30 
NISSIN CUP NOODLE SPICY LIME SHRIMP,SKU #1895210,null,$8.13 
WORKBOOKS-KINDERGARTEN BASICS,SKU #1465333,UPC: 076645022363,$1.47 
FLIP FISH,SKU #1870482,UPC: 000772091954,$0.33 
"FASHION GIRL DOLL 13.5""-PLATINUM HAIR",SKU #659549,UPC: 082676625954,$4.79 
"13.5"" SNORKEL & GOGGLE SET",SKU #1980564,UPC: 841175102188,$0.81 
BERTHA DOLL,SKU #2124448,UPC: 841175115744,$14.71 
POOF® 4'' MINI BASKETBALL,SKU #104952,UPC: 083568087508,$2.50 
DUAL ERASERS,SKU #1860440,UPC: 871936003225,$1.40 
"WATER GUNS - 4""",SKU #1895111,UPC: 049392627679,$0.51 
CHESTNUT BEAR,SKU #1124044,UPC: 000772077460,$8.75 
EDUCATIONAL TOY- GEOMETRIC STACKER,SKU #538416,UPC: 000772005678,$0.70 
FINGERPRINT FILES FUN LAB KIT,SKU #653776,UPC: 071547011200,$1.52 
MAGNIFYING BUG BUCKET,SKU #2129456,null,$0.26 
GROSS SONGS WORKBOOK AND CD,SKU #1903172,UPC: 718451026028,$0.84 
THE KIDS BAND,SKU #1916593,UPC: 7290014329201,$3.81 
BAZIC 2 DUAL BLADES SHARPENER + 2 ROUND RECEPTACLE SHARPENER,SKU #317679,UPC: 764608019153,$4.04 
KARS SUNFLOWER KERNELS,SKU #362325,null,$14.69 
POLICE FORCE,SKU #1936268,UPC: 841175107763,$32.34 
SPACEGATE 19620 THUNDER BOLT ROLLING DRONE,SKU #2178874,null,$0.50 
"TOY SNAKES - 7""",SKU #1776716,UPC: 049392615232,$15.71 
BOULDER CANYON POTATO CHIPS - HICKORY BBQ,SKU #1226720,UPC: 708163971150,$1.38 
22 INCH 3.5 CHANNEL HELICOPTER,SKU #1981912,UPC: 044902060465,$7.69 
BLACK BEAR BEANIE PLUSH TOY WITH WALKING STICK,SKU #2184304,null,$0.74 
GIANT PLUSH LIZARD,SKU #1909793,UPC: 085754047471,$4.49 
"2"" ASSORTED VOO DOO STRING DOLLS",SKU #1994574,null,$25.72 
DUEL BLADES PENCIL SHARPENERS - 10 COUNT,SKU #409048,UPC: 871936001535,$6.49 
CRAYOLA COLORED PENCILS 12 COUNT,SKU #1271027,UPC: 071662040123,$3.35 
MINI TOY PARATROOPERS,SKU #1903884,UPC: 049392074077,$1.46 
ANIMAL PRINT BALLS WITH TAILS,SKU #1905277,UPC: 049392621707,$0.72 
MECHANICAL PENCILS - 4 PACK + 24PCS #.5MM LEAD,SKU #394232,null,$20.22 
TOY GLOW SNAKES,SKU #1776721,UPC: 049392269305,$1.13 
SCHLEICH FARM LIFE ANIMALS (HOLSTEIN COW),SKU #1848281,UPC: 4005086136335,$5.87 
DIE CAST CONVERTIBLE CAR,SKU #2130575,UPC: 085754169180,$14.71 
SHAPE SORTING CLOCK,SKU #1471645,UPC: 000772085939,$14.71 
"SPARCO PRODUCTS  PLASTIC PROTRACTOR, 6"" LONG, CLEAR",SKU #945469,UPC: 035255014908,$2.69 
DINING ROOM DOLLHOUSE FURNITURE,SKU #538612,UPC: 000772025867,$1.46 
PLUSH JUMBO REALISTIC TIGER,SKU #1905316,UPC: 049392257937,$0.44 
"10.4"" 1:14 MINICOOPERS YELLOW",SKU #1866594,null,$12.49 
"BIC CORPORATION ROUND STIC BALLPOINT PEN,MED. POINT,12/BX, BLACK INK",SKU #967409,UPC: 070330201194,$25.01 
KICK BOARD,SKU #2130624,UPC: 841175110299,$0.31 
"BRIANNA - 12"" DOLL",SKU #539032,UPC: 000772048835,$6.49 
SAND TOY SET - 23 PIECE,SKU #1997862,UPC: 857596006332,$57.35 
SKIMMER DOLPHIN,SKU #1124080,UPC: 000772076302,$16.18 
SAND CASTLE BUCKET SET - 8 PIECES,SKU #1895187,UPC: 049392275955,$4.75 
BUBBLES-32 OZ.,SKU #1909381,UPC: 049392251379,$1.20 
"RAINBOMAKER - 16""",SKU #1916579,UPC: 7290002582199,$16.18 
BUDS BEST LEMON CRÈME COOKIES,SKU #345701,UPC: 745527510082,$12.49 
4M PROPELLER RACER KIT,SKU #1848898,null,$0.88 
CRAYOLA GLITTER CRAYONS,SKU #1824485,null,$12.49 
SMILE FACE BUBBLES 1OZ,SKU #1895358,null,$0.15 
BABY DOLL- JENNA,SKU #539030,UPC: 000772048811,$73.51 
CLUB FUN HANGING LOUNGE CHAIR,SKU #1994061,UPC: 812605029504,$1.54 
EDUCATIONAL BATTERY OPERATED WALKIE TALKIE,SKU #1940466,UPC: 688999005024,$2.19 
COLORING PENCILS - 12 COUNT,SKU #1285307,UPC: 672672146524,$3.43 
THE SINGING MACHINE SML385 SOUND & LIGHT SHOW KARAOKE SYSTEM (BLACK),SKU #2179871,null,$7.34 
SPORT GAME,SKU #2131939,UPC: 841175103079,$73.51 
BAZIC YELLOW PEN STYLE FLUORESCENT HIGHLIGHTER W/ POCKET CLIP (5/PK),SKU #358790,UPC: 764608023006,$1.21 
NISSIN RAMEN BOWL - HOT & SPICY FLAVOR,SKU #1895241,null,$1.84 
"STICK PENS - 10 PACK BULK - BLACK,BLUE,RED INKS",SKU #528973,UPC: 871936006271,$6.99 
FLORACRAFT SOLAR SYSTEM KIT,SKU #1844020,null,$0.91 
SUPER SPORTS BALL - FOIL WRAPPED MILK CHOCOLATE,SKU #446770,null,$2.69 
SEASONING SET,SKU #1939764,UPC: 000772093576,$51.46 
SIDNEY KOALA,SKU #1124004,UPC: 000772076050,$1.22 
SWIRL PANEL BALLS - 35 MM,SKU #1776858,UPC: 049392284858,$4.75 
BUNNYNAUTS,SKU #565409,UPC: 741545023221,$1.57 
6 PIECE  DIECAST SET,SKU #2184452,UPC: 841175113610,$9.54 
BAZIC FANCY COLORS FINE TIP PERMANENT MARKERS - 5 COUNT,SKU #311122,UPC: 764608012093,$0.70 
MONSTER BOWLING,SKU #538575,UPC: 000772021913,$1.51 
WIND UP FLIPPING FROG,SKU #1949068,UPC: 815895010238,$44.10 
DELUXE JUMBO CARDBOARD BLOCKS (40 PC),SKU #538634,UPC: 000772027847,$1.00 
3-PIECE SAND PLAY SET 3 ASSORTED COLORS,SKU #1997235,UPC: 827680180835,$6.89 
TOOTSIE ROLL MIDGEES CANDY,SKU #1776834,null,$124.99 
CAMO GLIDERS,SKU #1903557,UPC: 049392617496,$17.03 
FOLGERS DECAF COFFEE SINGLES,SKU #362136,UPC: 025500811222,$0.80 
SCHLEICH FARM LIFE ANIMALS (TEXAS LONGHORN BULL),SKU #1848287,UPC: 4005086137219,$1.52 
SILLY SEA HORSES,SKU #1934061,UPC: 810017014385,$0.73 
SMILE FACE BUBBLES,SKU #1895350,null,$5.07 
PLUSH BEAN BAG EMPEROR PENGUINS,SKU #1905268,UPC: 049392742617,$0.06 
KARS RAISINS,SKU #362321,UPC: 077034089769,$7.75 
DRESS-A-PILLAR,SKU #1916454,UPC: 7290010037209,$17.24 
PSYCHEDELIC BALLS,SKU #1776848,UPC: 049392209127,$1.19 
BLOSSOM BRIGHT BUBBLE TRUMPET,SKU #1276813,UPC: 000772060974,$2.21 
WHOLESALE RAINBOW COLOR BEACH BALL,SKU #1864694,null,$1.85 
MAGNETIC LETTERS AND NUMBERS,SKU #1948698,null,$0.10 
"TREND ENTERPRISES  RHYMING BINGO GAME,INCLUDES 36 PLAYING CARDS/OVER200 CHIPS",SKU #944659,UPC: 078628060676,$0.21 
HACKY SACK,SKU #428038,null,$0.14 
BRIGHT PLUSH OWLS,SKU #1905294,UPC: 049392628249,$8.89 
MULTI-COLOR JUMBO CHALK SET,SKU #364850,UPC: 731015130580,$0.07 
ARMY SET - 9 PIECES,SKU #1905034,UPC: 049392260678,$88.71 
PUPPET PLAYLAND,SKU #1916548,UPC: 7290011321857,$6.49 
SOPHIE COLLECTION ACCESSORIES,SKU #1934009,UPC: 841175103802,$1.28 
ARIZONA SUGAR FREE LEMON ICED TEA MIX,SKU #541206,UPC: 613008724160,$1.29 
"18"" WATER PUMP",SKU #2131901,UPC: 841175106421,$22.04 
MONOGRAMMED TOTE BAG DOLL ACCESSORY,SKU #1944231,UPC: 028444842710,$0.87 
"DESK HIGHLIGHTER, CHISEL TIP, FLUORESCENT YELLOW",SKU #967714,UPC: 035255300049,$3.04 
ELIMINATOR LIGHTING EC4 4-CHANNEL EC-4 LIGHT CONTROLLER,SKU #2172790,null,$12.87 
"12"" BABY LUCY",SKU #2123677,UPC: 841175103772,$18.38 
SMUCKERS BREAKFAST SYRUP - 100 CASE,SKU #680160,null,$0.65 
PLUSH POLKA DOT OCTOPUSES,SKU #1905276,UPC: 049392618462,$16.18 
RACER PLAYSET,SKU #2184537,UPC: 841175102065,$2.21 
TOY BALL ASSORTMENT,SKU #1905256,UPC: 049392112526,$0.16 
PLUSH GIANT ALLIGATOR,SKU #1930414,UPC: 085754047648,$82.56 
INFLATABLE BEACH BALL- 20 INCH,SKU #1797924,UPC: 721003181458,$1.26 
TOY FARM ANIMALS,SKU #1776675,UPC: 049392615096,$1.71 
ACTIVITY WORKBOOKS 32 PAGES-HIDDEN PICTURES DISCOV,SKU #653932,UPC: 076645021922,$0.09 
ROSEART 72CT COLORED PENCILS,SKU #2169755,UPC: 072348010652,$0.16 
SCHLEICH FARM LIFE ANIMALS (SIMMENTAL COW),SKU #1848264,UPC: 4005086136410,$0.11 
ORBIT GUM WINTERMINT,SKU #1123256,UPC: 022000004888,$8.81 
SCHLEICH WILD LIFE ANIMALS (EMPEROR PENGUIN WITH CHICK),SKU #1847591,UPC: 4005086146327,$0.59 
1OZ. FUN BUBBLE BOTTLES,SKU #1945164,null,$4.79 
VIDEO 25 TRICKS CARDS,SKU #775932,UPC: 741545023016,$3.84 
ELECTRIC MOTOR KIT,SKU #738419,UPC: 071547020134,$0.91 
SUPER WATER BLASTER GUN,SKU #2133810,UPC: 731015238293,$0.20 
WORKBOOK THIRD GRADE SCHOLAR,SKU #905216,UPC: 076645021588,$0.33 
"ESTES RECOVERY WADDING - 3.75"" X 4.5""",SKU #1205947,UPC: 047776022744,$8.21 
PACIFIC ARC HI-POLYMER REFILL LEADS - 0.5 MM,SKU #1822156,null,$1.53 
SCHLEICH FARM LIFE ANIMALS,SKU #1875231,UPC: 4005086137158,$0.65 
GEL PENS 36 CT ASSORTMENT,SKU #2127090,UPC: 619342019368,$22.04 
CHOPPER BEAVER,SKU #1124008,UPC: 000772076210,$0.76 
SIDE TABLE TIMELESS MINIATURES - 4 CT,SKU #1205314,UPC: 082676807633,$2.35 
WORLD TECH ELITE 33753 2.4GHZ 4.5-CHANNEL NANO WRAITH SPY WITH CAMERA,SKU #2181049,null,$1.32 
APPTIVITY THE DARK KNIGHT RISES STARTER SET,SKU #1458808,UPC: 746775162283,$14.71 
K & S METAL STREAMLINES (ALUMINUM) - 1/2 IN.,SKU #1848785,UPC: 614121111035,$1.28 
PACKAGED PLASTIC LION ANIMALS,SKU #1334193,null,$0.79 
BEACH ALLIGATOR,SKU #2131914,UPC: 841175110022,$0.69 
ABC & 123 WRITING PAD,SKU #1879032,UPC: 000772091428,$22.04 
EGGS IN BOWL AND WHISK TIMELESS MINIATURES - 2 CT,SKU #1205297,UPC: 082676486791,$11.03 
"COMFIES - 7.5"" BABY SITTING MONKEY",SKU #1946609,null,$0.14 
"VICTORIA - 14"" BALLERINA DOLL",SKU #539036,UPC: 000772048873,$0.34 
SUSHI SLICING PLAY SET,SKU #538621,UPC: 000772026086,$1.17 
TEXTURED BLOCKS - 30 PCS,SKU #1916493,UPC: 7290005076923,$20.29 
X-ACTO BOSTON ELECTRIC PENCIL SHARPENER (SHARPENER),SKU #1832470,null,$1.37 
BETTY CROCKER BUTTERSCOTCH OATMEAL BAR,SKU #1487849,UPC: 016000459762,$7.53 
MIDWEST BASSWOOD CLAPBOARD SIDING (1/4 IN.),SKU #1824471,null,$7.35 
"BEAN BAG SET VINYL 4"" ASSORTED COLORS 6/SET",SKU #508552,UPC: 710858018330,$1.09 
SCHLEICH WILD LIFE ANIMALS (ZEBRA MALE),SKU #1847569,UPC: 4005086143913,$1.10 
SPORTS BALLS IN A MESH BAG - PLUSH,SKU #538570,UPC: 000772021791,$3.31 
SCHLEICH WILD LIFE ANIMALS (GRIZZLY BEAR FEMALE),SKU #1847607,UPC: 4005086146860,$1.32 
SCHOOL BUS PLAYSET,SKU #1858509,UPC: 000772093958,$22.04 
STARGAZE TUBE,SKU #2130582,UPC: 078257318032,$0.43 
FLASH CARDS - ALPHABET- 52 CARDS,SKU #1285276,UPC: 672672591201,$0.99 
TWININGS OF LONDON PURE PEPPERMINT HERBAL TEA,SKU #362974,UPC: 070177067779,$14.69 
FROG PARACHUTIST,SKU #1902273,null,$13.22 
TRICK STINK CIGARETTE LOAD,SKU #1456978,UPC: 099996004925,$1.03 
FRINGE RUG TIMELESS MINIATURES,SKU #1205290,UPC: 082676807855,$0.56 
CF SAUER CANOLA & OLIVE OIL BLEND PACKET,SKU #1488349,null,$6.62 
VOLLEYBALL INFLATES,SKU #1776913,UPC: 049392229743,$2.10 
MISS ANDREA,SKU #2123694,UPC: 841175115782,$9.90 
TRENDY'S BEAUTIFUL GIRL,SKU #2122974,null,$0.15 
"WATER GUN 10""",SKU #1982861,UPC: 688999201006,$4.44 
LIFESAVERS 5 FLAVOR,SKU #362477,null,$6.62 
"6"" SHOVEL & 5"" BUCKETS",SKU #1895095,UPC: 049392677681,$3.31 
WASHABLE COLORED MARKERS - 12 PACK,SKU #92897,UPC: 851806000257,$0.90 
SANDERS MILK CHOCOLATE FRUIT & SNACK DIP CUP,SKU #1853366,UPC: 035900275678,$3.68 
SEASIDE SIDEKICKS NESTING PAILS,SKU #539194,UPC: 000772064248,$0.47 
LIGHT UP FOOTBALL,SKU #2128643,UPC: 856434018575,$22.04 
BLACK FASHION DOLL,SKU #1944233,UPC: 731015220991,$14.69 
THE AMAZING SPLAT BALL TOY - DUCK,SKU #1948767,null,$1.69 
BOXER - PLUSH DOG,SKU #539009,UPC: 000772048538,$0.44 
PLUSH JUMBO REALISTIC WHITE TIGERS,SKU #1905319,UPC: 049392258019,$0.94 
DOLL CLOTHES BLACK VELVET AND PURPLE SATIN DRESS,SKU #691822,UPC: 028444829919,$2.38 
PENGUIN - PLUSH ANIMAL,SKU #538554,UPC: 000772021227,$17.00 
HUNTS FANCY KETCHUP,SKU #362277,UPC: 858399720784,$4.03 
BAG OF BUGS,SKU #539071,UPC: 000772060608,$48.51 
BUDS BEST PECAN CHOCOLATE CHIP COOKIES,SKU #345882,UPC: 745527520173,$1.03 
DOLL CLOTHES- LEOTARD AND SKIRT-PINK/BLUE,SKU #1191658,UPC: 028444663636,$14.69 
WOODEN RAILWAY SET,SKU #1194206,UPC: 000772007016,$14.69 
MINI GROAN TUBES PACK,SKU #1903763,UPC: 049392042625,$0.48 
SHAPES CHUNKY PUZZLE,SKU #538779,UPC: 000772037303,$11.01 
FLASH CARDS-MULTIPLICATION 0-12 55/PKG,SKU #1465373,UPC: 076645040084,$44.10 
EVERYDAY METAL HARMONICA,SKU #2125068,null,$0.15 
BALL CRAFT DISPLAY,SKU #1891180,null,$4.76 
SHARPIE ULTRA FINE POINT MARKER (PURPLE),SKU #1822349,null,$1.18 
YELLOW LAB - PLUSH DOG,SKU #538551,UPC: 000772021166,$25.72 
CRYSTAL LIGHT LEMONADE DRINK MIX PACKETS,SKU #361999,UPC: 043000008454,$3.11 
BATTERY OPERATED CLASSIC TRAIN SET,SKU #1940348,UPC: 688999015191,$6.99 
"PEN STYLE HIGHLIGHTER, CHISEL POINT, FLUORESCENT PINK",SKU #967814,UPC: 035255361835,$1.13 
"TOY SPIDERS - 8""",SKU #1776643,UPC: 049392615218,$0.84 
YIN YANG KICKBALLS,SKU #1904228,UPC: 049392620557,$0.49 
DECORATIVE DOLL STAND,SKU #1278036,UPC: 028444661533,$25.72 
NISSIN CUP NOODLE HOT & SPICY SHRIMP,SKU #1895228,UPC: 7066223012,$25.72 
PLUSH REALISTIC SMALL LION,SKU #1905314,UPC: 049392257982,$4.66 
NISSIN TOP RAMEN - SHRIMP FLAVOR,SKU #1895251,UPC: 7066201310,$3.40 
CREATIVITY FOR KIDS FAST CAR RACE CARS KIT,SKU #1843395,null,$0.66 
"FASHION GIRL DOLL 13.5""-BROWN HAIR",SKU #659554,UPC: 082676205095,$11.01 
"KARS PEANUT, ALMOND, CASHEW MIX",SKU #362320,null,$8.13 
SEASIDE SIDEKICKS SAND BAKING SET,SKU #539198,UPC: 000772064323,$3.31 
COWGIRL PUPPET,SKU #538602,UPC: 000772025577,$22.47 
EDUCATIONAL FOAM CLOCK,SKU #1278055,UPC: 731015171446,$2.57 
BALL PEN 0.7MM BLUE,SKU #1471731,UPC: 042196618010,$1.54 
TOY FOAM MISSILES,SKU #1903533,UPC: 049392016770,$44.10 
WATER GUN 2 PACK - 3 ASSORTED STYLES,SKU #1895458,UPC: 721003181663,$1.37 
CANDY COLORS 0.25 OZ. - YELLOW/ORANGE/RED/BLUE,SKU #663531,UPC: 070896192998,$14.69 
WATER BOMB,SKU #2129467,UPC: 721003181670,$1.84 
"2 PIECE  3.75"" MAGIC TOY BABY BOTTLE",SKU #1982694,UPC: 841175110459,$5.87 
2 TANK WATER GUN IN POLY BAG,SKU #1949029,UPC: 841175105646,$1.40 
"6"" FARM SERIES",SKU #2124466,UPC: 841175116222,$3.68 
MINI LOCOMOTIVE,SKU #2184509,UPC: 841175117977,$3.50 
JUMBO PLUSH MULTICOLOR HANGING MONKEYS -,SKU #1776776,UPC: 049392621271,$1.00 
PLUSH BABY ROSCOE BEAR - VANILLA,SKU #1124032,UPC: 000772077309,$2.38 
MAGIC BOTTLES MILK&JUICE 5X7,SKU #904428,UPC: 075656007017,$0.85 
CHINESE JUMP ROPES,SKU #1895083,UPC: 049392615126,$0.76 
YELLOW AND WHITE WHIRLY POP,SKU #1470124,UPC: 072965702060,$2.71 
48 COUNT CRAYONS,SKU #1988903,UPC: 619342026489,$2.71 
"COMFIES - 7.5"" BABY SITTING ELEPHANT",SKU #1946612,null,$25.71 
WIND UP HOPPING SMILEY FACES,SKU #1903938,UPC: 049392679777,$6.99 
WORKBOOKS-MATH READINESS,SKU #1465327,UPC: 076645022080,$0.96 
SCHLEICH FARM LIFE ANIMALS (TEXAS LONGHORN CALF),SKU #1848274,UPC: 4005086136847,$6.62 
ELEPHANT - PLUSH,SKU #538573,UPC: 000772021852,$0.44 
COBRA RC TOYS 909318 INVERTED FLIGHT STUNT DRONE,SKU #2171719,null,$4.85 
3-D FOAM PAPER MODEL KIT ASSORTMENT,SKU #1945867,UPC: 753429740018,$7.16 
CHIHUAHUA - PLUSH DOG,SKU #539007,UPC: 000772048514,$0.33 
"SHARPIE PERMANENT MARKER, FINE POINT, BLACK INK",SKU #969712,UPC: 071641330016,$391.99 
ZOMBIE FARM,SKU #1934136,UPC: 810017010318,$14.69 
MODEL BUILDING SUPPLY KIT,SKU #1794525,UPC: 075611911106,$0.38 
MINI TROPICAL FISHES,SKU #1776615,UPC: 049392011942,$10.77 
FASHION DOLL,SKU #2129449,null,$27.94 
TOUCH PEN / STYLUS,SKU #1858872,null,$0.07 
PRINGLES CHEDDAR CHEESE 2.5 OZ. 12 COUNT,SKU #1281213,UPC: 038000845260,$0.17 
FOAM FINGER FLYERS,SKU #1903425,UPC: 049392611715,$9.54 
"FRICTION MOTORCYCLE (3 PIECE SET ) 7""",SKU #1940440,UPC: 688999106783,$0.39 
SMARTIES CANDY-180 PIECES,SKU #1776792,null,$0.47 
WEST HIGHLAND TERRIER (WESTIE) - PLUSH DOG,SKU #539026,UPC: 000772048729,$16.56 
WILD ANIMAL FINGER PUPPETS,SKU #1903492,UPC: 049392014639,$0.57 
AKAI KS780-BT CD+G BLUETOOTH(R) KARAOKE SYSTEM,SKU #2169926,null,$0.21 
BEGINNER PATTERN BLOCKS,SKU #538414,UPC: 000772005289,$10.22 
"5"" MINI KR2 R/C KART RACING",SKU #1034245,UPC: 852093002481,$1.09 
LACE & TRACE - WILD ANIMALS,SKU #1879025,UPC: 000772092760,$11.03 
CRAVE N RAVE SPIKERZ BITE SIZE CRACKERS - HEAVENLY,SKU #1864944,UPC: 675825512108,$0.91 
DARK SKIN BEAUTY DOLL COLLECTION,SKU #2122920,null,$2.69 
"14"" BABY DOLL",SKU #2127264,UPC: 841175108425,$2.21 
STICK PENS - 10 PACK - BLUE INK,SKU #528972,UPC: 871936006264,$1.04 
BEDROOM DOLLHOUSE FURNITURE,SKU #538609,UPC: 000772025836,$18.11 
"FRICTION CONTAINER TRUCK 21.5""",SKU #1902233,UPC: 688999005550,$14.69 
GLOW TOY ANIMAL CREATURES,SKU #1776699,UPC: 049392268735,$1.02 
ELIMINATOR LIGHTING EZ 8 II SYSTEM 8-CHANNEL EZ-8 II LIGHT CONTROLLER,SKU #2172803,null,$18.38 
TOBY CAT,SKU #1123868,UPC: 000772071512,$0.91 
KI TWO PC PUZZLE OPPOSITES,SKU #1934816,UPC: 805219378762,$4.75 
PENCILS - 12 PACK - NO.2 LEAD.,SKU #92908,UPC: 851806000172,$22.06 
SEE-INSIDE SPANISH ALPHABET PEG,SKU #1124321,UPC: 000772032711,$2.19 
"BIG-LITTLE PEGBOARD 8""-36 HOLES",SKU #1201046,UPC: 700239024227,$1.54 
27 MM SMILE FACE HIGH BOUNCE BALLS,SKU #1994952,null,$27.01 
"5"" MINI TAMBOURINE STICK MUSICAL INSTRUMENT",SKU #1934565,null,$18.37 
RECORDER,SKU #538483,UPC: 000772013017,$7.86 
"7.5"" AQUA BLASTER WATER GUN",SKU #1982690,UPC: 841175110084,$0.37 
FARM ANIMAL FINGER PUPPETS,SKU #1903493,UPC: 049392014646,$1.03 
MINI TRANSPARENT WATER GUNS,SKU #1904265,UPC: 049392616659,$1.09 
STASH ORGANIC TEA - PREMIUM GREEN TEA,SKU #362803,UPC: 077652082821,$13.75 
BIC ROUND STIC GRIP PEN (PURPLE),SKU #1849465,null,$2.78 
SITTING SWIRLY PLUSH DOG,SKU #2132842,UPC: 734689164745,$3.79 
VOLCANO MOUNTAIN,SKU #1934087,UPC: 810017010370,$36.75 
SCHLEICH FARM LIFE ANIMALS (HOLSTEIN CALF),SKU #1848285,UPC: 4005086136342,$3.53 
MONKEY FINGER PUPPETS,SKU #1903728,UPC: 049392041567,$22.04 
ELEANOR BEAR,SKU #1124047,UPC: 000772077507,$15.07 
ERASERS - PINK - 8 PACK - LARGE BEVELED,SKU #414467,UPC: 871936001443,$5.13 
ART GUM ERASER,SKU #1948759,UPC: 079252371800,$1.10 
DOLL CLOTHES POLO & BERMUDAS - LAVENDER PLAID,SKU #691339,UPC: 028444820060,$0.85 
HORSE FAMILY,SKU #538576,UPC: 000772022385,$8.21 
HAND DRUM,SKU #1916588,UPC: 7290006631398,$23.82 
"APE CASE ACLW2DR SMALL DRONE LIGHTWEIGHT HARD CASE (2""H X 13.63""W X 7.75""D)",SKU #2170087,null,$4.79 
PADDLE BALL GAME,SKU #1895468,null,$14.71 
PLUSH RAINBOW SWIRL SNAKES,SKU #1776771,UPC: 049392625835,$3.41 
RIPSTICK CASTOR SKATE WAVE BOARD,SKU #705559,null,$6.99 
DOLL  BARBIE STAR LIGHT ADVENT,SKU #2132830,UPC: 887961266948,$13.53 
MATTEL COLOR ME CUTE BARBIE DOLL,SKU #2132834,UPC: 887961058741,$0.28 
"9.5"" RAINBOW UNICORN FLOAT",SKU #2185415,null,$113.23 
"COMFIES - 7.5"" PINK BABY SITTING PINK MONKEY",SKU #1946611,null,$6.69 
MARKERS CLASSIC WATERCOLOR 10PK,SKU #1939516,UPC: 871936003553,$10.44 
MATTEL DWB60 MY MINI MIXIEQ'S(TM) MINI ROOM ASSORTMENT,SKU #2175815,null,$0.03 
ANIMAL PLANET BABY ANIMALS DVD,SKU #1948897,UPC: 876284001695,$1.12 
TURTLE TOY ANIMALS,SKU #1776698,UPC: 049392677254,$0.99 
TWO CARD MONTE MAGIC TRICK,SKU #564962,UPC: 741545014977,$3.31 
"FRICTION FORKLIFT 13""",SKU #1982878,UPC: 688999050000,$4.04 
RAINBOW STRIPED BOUNCE BALLS - 35 MM,SKU #1776861,UPC: 049392284889,$6.62 
K & S METAL STREAMLINES (ALUMINUM) - 1/4 IN.,SKU #1848783,UPC: 614121111004,$22.04 
THE COLOR WHEEL COMPANY ARTIST MIXING GUIDE COLOR WHEEL,SKU #1841490,null,$2.21 
CHIMPANZEE - PLUSH,SKU #538565,UPC: 000772021715,$0.21 
"11"" SOFIA FASHION DOLL TOYS",SKU #1930979,UPC: 841175100085,$23.11 
ORBIT GUM PEPPERMINT 12 COUNT,SKU #952813,UPC: 022000004864,$5.13 
BAZIC DUAL BLADES SHARPENER W/ ROUND RECEPTACLE (2/PACK),SKU #311240,UPC: 764608019078,$1.10 
INFLATABLE ASSORTMENT RINGS BALLS RAFTS + ARM BANDS,SKU #1161197,UPC: 783312431334,$7.56 
CONSTRUCTION WORKER PUPPET,SKU #538601,UPC: 000772025553,$0.65 
GIANT BUBBLE WAND,SKU #302339,UPC: 721003169159,$1.09 
SEASIDE SIDEKICKS SAND COOKIE SET,SKU #539200,UPC: 000772064347,$9.54 
BEACH FUN TOY,SKU #2131916,UPC: 841175101785,$28.43 
MAGNETIC NUMBER MAZE,SKU #538578,UPC: 000772022804,$11.03 
SODOKU PUZZLE BOOKS,SKU #1820508,UPC: 814635013072,$3.41 
CRAYOLA CHILDREN'S CHALK (ASSORTED),SKU #1847224,null,$0.64 
JUMBO PINK TEDDY BEAR,SKU #538829,UPC: 000772039802,$735.28 
FRESH GOURMET TORTILLA STRIPS TRI-COLOR,SKU #1175732,UPC: 787359431692,$1.68 
MAXAM BLACK DOUBLE CUTAWAY TAMBOURINE,SKU #1797138,UPC: 024409496097,$1.04 
SLIM JIM GIANT ORIGINAL .97 OZ. 24 COUNT,SKU #952824,UPC: 026200117003,$9.18 
TROPICAL TREES,SKU #1934074,UPC: 810017017447,$33.82 
HAPPY GIDDY BOWLING SET,SKU #539101,UPC: 000772061575,$22.04 
WHOLESALE SPONGEBOB SQUAREPANTS FIGURINES,SKU #1877538,null,$1.10 
INFLATABLE BEACH BALL ASSORTMENT,SKU #1776911,UPC: 049392206959,$2.99 
"FRICTION RACING CAR (2PCS SET) BATT. INCL. 10.2""",SKU #1902228,UPC: 688999000562,$0.30 
SOPHIE COLLECTION FASHIONABLE,SKU #1934002,UPC: 841175104021,$51.46 
FLASH CARDS MULTIPLICATION - 36 CARDS,SKU #1285275,UPC: 672672591140,$0.71 
SCHLEICH WILD LIFE ANIMALS (CHIMPANZEE YOUNG),SKU #1847627,UPC: 4005086146808,$1.88 
STRETCHY LIZARD TOYS,SKU #1776707,UPC: 049392078204,$22.04 
4M AMPHIBIAN ROVER KIT,SKU #1848900,null,$57.34 
"PLUSH DICE - 1.5""",SKU #1776790,UPC: 049392620656,$5.13 
CREATIVITY FOR KIDS MONSTER TRUCKS CUSTOM SHOP,SKU #1843396,null,$1.03 
DIECAST CAR COLLECTION (50 PIECE SET),SKU #1895308,UPC: 688999509928,$6.37 
NABISCO MINI OREO COOKIES,SKU #362561,null,$4.41 
NISSIN BIG CUP NOODLES HOMESTYLE - CHICKEN,SKU #1895238,UPC: 7066223403,$18.16 
"17"" NEON PLUSH TOY STUFFED TEDDY BEARS",SKU #2123711,null,$24.46 
MECHANICAL PENCILS WITH REFILLS & ERASERS,SKU #2133106,UPC: 071641047433,$1.88 
ENGLISH BULLDOG - PLUSH DOG,SKU #539020,UPC: 000772048651,$20.57 
MEALTIME UTENSIL PLAY SET,SKU #1870173,UPC: 000772093477,$1.02 
SMARTIES CANDY ROLLS 180CT BAG,SKU #1949208,null,$0.66 
FRICTION RACE CAR WITH 3D LIGHT & SOUND (BATTERY I,SKU #1940436,UPC: 688999107889,$1.24 
PLUSH ROSES,SKU #185829,null,$1.61 
"CHENILLE KRAFT COMPANY  SIDEWALK CHALK, WASHABLE/NONTOXIC, 20 PC, 4""X1"", ASSORTED",SKU #945281,UPC: 021196017009,$58.81 
TRAVEL BRIX,SKU #1916560,UPC: 7290002582236,$3.02 
"PAPER MATE  PEARL ERASER, LARGE, 1/PK, PINK",SKU #945658,UPC: 070530705485,$4.75 
METAL CARNIVAL COUNTER,SKU #1904251,UPC: 049392246481,$7.34 
8OZ. FUN BUBBLE BOTTLES,SKU #1945163,null,$5.00 
"SPRINGFIELD COLLECTION PRE-STUFFED DOLL 18""-OLIVIA",SKU #659535,UPC: 028444618612,$1.84 
FASHION DOLL,SKU #2124475,UPC: 841175108333,$3.81 
FINN SHARK,SKU #1124010,UPC: 000772076319,$7.87 
"DIXON TICONDEROGA COMPANY TICONDEROGA PENCIL,W/ ERASER,NO 2 MED,72 CT.,YW",SKU #967687,UPC: 072067339041,$5.40 
SCHLEICH WILD LIFE ANIMALS (BLACK BEAR FEMALE),SKU #1847601,UPC: 4005086143166,$11.03 
SMILEY FACE BEANBAGS,SKU #1905261,UPC: 049392710050,$14.69 
CRUSADER TOY FIGURES,SKU #1903652,UPC: 049392024539,$22.04 
PLUSH SMILE FACE,SKU #1932242,UPC: 085754047075,$0.66 
FURNITURE,SKU #2134968,UPC: 841175114860,$0.88 
MATTEL FFB15 BLOXELS(R),SKU #2175824,null,$0.49 
AMAZING MOVING PLANT,SKU #1934132,UPC: 810017017560,$1.62 
SPICE SUPREME - CHICKEN SEASONING,SKU #386792,UPC: 076114330180,$2.65 
JUNGLE LOCKER BUDDIES,SKU #697878,UPC: 603250682363,$3.43 
PRESCHOOL WORKBOOKS 32 PAGES-UPPERCASE ALPHABET,SKU #653916,UPC: 076645020659,$0.07 
BOLLIE BUBBLES,SKU #1123880,UPC: 000772061421,$0.76 
KITCHEN ACCESSORY SET,SKU #538623,UPC: 000772026109,$18.37 
NURSERY DOLLHOUSE FURNITURE,SKU #538611,UPC: 000772025850,$11.03 
GPX DC126B HIGH SPEED REMOTE CONTROLLED CAR,SKU #2173802,null,$0.18 
SHARPIE FINE POINT MARKERS (BLACK) -,SKU #1822320,null,$2.22 
JACQUARD TIE DYE KIT (LARGE KIT),SKU #1837517,UPC: 743772932000,$51.46 
LOLLIPOP MAKING KIT,SKU #1942373,UPC: 6949196564986,$11.01 
"COMFIES - 7.5"" BLUE BABY SITTING BLUE MONKEY",SKU #1946610,null,$1.94 
SIDE STAND TIMELESS MINIATURES,SKU #1205313,UPC: 082676807640,$12.87 
"28"" DELUXE KITCHEN SET WITH LIGHT AND SOUND PS53A",SKU #1866628,null,$4.04 
NISSIN TOP RAMEN - BEEF FLAVOR,SKU #1895255,UPC: 7066201302,$1.01 
INCENTIVE PENCIL,SKU #357796,UPC: 603250642442,$5.00 
PENCIL SHAPED ERASER AND PENCIL SHARPENER,SKU #1904918,null,$1.82 
BUTTERFLY NET WITH BAMBOO HANDLE,SKU #1276864,UPC: 721003180369,$8.59 
SCHLEICH FARM LIFE ANIMALS (TEXAS LONGHORN COW),SKU #1848280,UPC: 4005086136854,$9.54 
PIXEL POPS KITTEN CHATON,SKU #1925802,UPC: 622222070502,$2.33 
WORKBOOK SPELLING GRADE 1,SKU #905180,UPC: 076645020161,$4.03 
"BIC CORPORATION ROUND STIC BALLPOINT PEN,MED. PT.,60/BX,BLUE INK",SKU #967411,UPC: 070330131613,$0.27 
MAXAM ALTO SAXOPHONE,SKU #704241,UPC: 024409090561,$6.40 
FLOATING BLOCKS,SKU #1916446,UPC: 7290010424177,$58.81 
PLASTIC BABY CARRIAGE,SKU #2186391,UPC: 887600810242,$6.62 
FRICTION TRUCK CARRIER WITH LIGHT & SOUND ( BA,SKU #2122940,null,$0.11 
SCHOOL BUS,SKU #1776611,UPC: 049392267264,$0.94 
PRESCHOOL WORKBOOKS 32 PAGES-CONNECT THE DOTS,SKU #653921,UPC: 076645020581,$0.57 
PENCIL SHARPENERS -BULK PACK - DUAL BLADES,SKU #1301735,null,$8.09 
"FRICTION PICKUP TRUCK (2PCS SET) 7""",SKU #1902223,UPC: 688999919024,$0.51 
DON SONORA TACO SAUCE PACKET,SKU #1488369,UPC: 026700109560,$2.69 
SCHOOL ZONE LEARNING SET-MAKING FRACTIONS,SKU #2190138,null,$0.99 
CHEETAH - PLUSH,SKU #538559,UPC: 000772021289,$15.28 
SASSY SUNFLOWER PEN,SKU #1225581,UPC: 722950210970,$2.16 
ERASERS - PINK -  4 PACK - LARGE BEVELED,SKU #414466,UPC: 871936001436,$1.72 
RAINBOW BUBBLES,SKU #2129461,null,$12.50 
RAINBOW JUMP ROPES,SKU #1895093,UPC: 049392660508,$1.40 
SCHOOL ZONE LEARNING SET-TELLING TIME,SKU #2190140,null,$1.53 
10? 1:14 LAMBORGHINI AVENTADOR LP700 WHITE LA14W,SKU #1866570,null,$5.13 
CORRECTION TAPE - 2 PACK,SKU #424997,UPC: 871936000026,$9.54 
ERASERS - NEON COLORS 4 PK,SKU #369167,null,$3.68 
ASSORTED  SLICK SAND  5  LB. BUCKET,SKU #1934135,UPC: 810017013159,$0.80 
JOKE DRIBBLE GLASS,SKU #1935977,UPC: 049392281871,$15.28 
"KEEBLER FAMOUS AMOS COOKIES, CHOCOLATE CHIP, 2 OZ, 8/BX",SKU #933281,UPC: 076677980679,$20.97 
STAR WARS FIRST ORDER DEFLATED PLAYBALL,SKU #1997907,null,$1.16 
NISSIN BOWL NOODLES - CHICKEN FLAVOR,SKU #1895243,null,$136.75 
"TOY GUN PLAY SET (2 ASSORTED) 14""",SKU #1940459,UPC: 688999300112,$13.75 
RETRACTABLE BALL POINT PENS - 3 PACK,SKU #394224,UPC: 871936000422,$11.99 
ARIZONA GUNSLINGER HABANERO & MANGO PEPPER SAUCE,SKU #1191422,UPC: 027328112277,$1.17 
SANDERS CLASSIC CARAMEL FRUIT & SNACK DIP CUP,SKU #1853364,UPC: 035900275692,$1.04 
SPACEGATE 19623 2.4GHZ SKY CAPTURE DRONE,SKU #2178876,null,$25.72 
CHEERLEADER PUPPET,SKU #538600,UPC: 000772025546,$6.29 
SEGMENTED PLASTIC JUMP ROPE 8-FT. YELLOW/WHITE,SKU #508578,UPC: 710858007273,$14.69 
"11.4"" 1:14 AUDI TT BLACK ATT14B",SKU #1866502,null,$5.51 
PLUSH BEAN ANIMAL ASSORTMENT,SKU #1994795,UPC: 085754047181,$1.20 
VOLCANO CRATER GARDEN,SKU #1934068,UPC: 810017014545,$12.06 
SMART PHONE ERASERS,SKU #1850707,UPC: 603250686569,$0.70 
COLORED PLASTIC BALLS,SKU #1776902,UPC: 049392220566,$11.01 
BULK CRAYONS ASSORTED COLORS - 24 COUNT BOXED,SKU #92915,UPC: 852134000599,$104.40 
ZOTZ STRINGS CHERRY APPLE WATERMELON 0.7 OZ CANDY,SKU #1123312,UPC: 070650000088,$11.01 
GIRAFFE - PLUSH,SKU #538545,UPC: 000772021067,$4.03 
DOLL CLOTHES STRAPPY SANDALS - PINK,SKU #691351,UPC: 028444801670,$0.20 
DIE CAST SCOOTER,SKU #1930786,UPC: 085754166882,$8.81 
BUDS BEST COCONUT BAR COOKIES,SKU #345699,UPC: 745527520074,$0.29 
ALL ABOUT ROCKS KIT,SKU #738179,UPC: 071547020318,$0.25 
WORM STICKIES,SKU #1776695,UPC: 049392018842,$6.49 
HALLMARK GREEN PLUSH FROG,SKU #348622,UPC: 015012909296,$16.86 
DIECAST CAR COLLECTION (15 PIECE SET),SKU #1895334,UPC: 688999010158,$12.79 
TWININGS OF LONDON PURE WHITE TEA,SKU #362975,UPC: 070177230265,$0.82 
"TREND ENTERPRISES  MONEY BINGO GAMES,36 PLAYING CARDS,200 CHIPS,ENGLISH",SKU #944663,UPC: 078628060713,$0.54 
BIG ROSCOE BEAR,SKU #1124035,UPC: 000772077330,$66.17 
FEATHER PENS,SKU #1777950,UPC: 049392721094,$25.28 
"24"" BEAUTY KITCHEN SET WITH LIGHT AND SOUND TF826",SKU #1866657,null,$2.21 
BATTERY OPERATED DINOSAUR RACING SET (POLICE &,SKU #2122912,UPC: 688999083770,$29.62 
CRAYOLA PIP-SQUEAKS SKINNIES (FINE TIP) - PACK OF 8,SKU #1845180,null,$0.12 
"13.5"" STACEY DOLL",SKU #2127107,UPC: 841175115683,$0.88 
KRAFT FAT FREE MAYONNAISE,SKU #362437,UPC: 021000649921,$9.54 
STICKY NOTES - NEON COLORS,SKU #1121019,UPC: 871936004161,$1.61 
LITTER OF LIZARDS,SKU #539072,UPC: 000772060622,$1.66 
SEASIDE SIDEKICKS SAND CUPCAKE SET,SKU #539197,UPC: 000772064316,$0.64 
CLICKER CRAB HOURGLASS SIFTER & FUNNEL,SKU #539181,UPC: 000772064095,$1.58 
CLICKER CRAB PAIL AND SHOVEL SAND TOYS,SKU #539173,UPC: 000772064002,$5.87 
WORLD TECH TOYS 34871 2-CHANNEL MARVEL IR HELICOPTER & KINETIK AA 50PK,SKU #2181062,null,$0.18 
THE COLOR WHEEL COMPANY COLORSAURUS CHILDREN'S COLOR WHEEL,SKU #1841488,null,$5.87 
"KEEBLER TOAST/PEANUT BUTTER CRACKERS, 1.8 OZ, 8 CRACKERS/PK, 12/BX",SKU #934040,UPC: 030100211679,$3.68 
FLASH CARDS - NUMBERS 1-100,SKU #1285277,UPC: 672672591324,$0.34 
SLIM JIM ORIG SNACK STICK C-TOP .28OZ 120CT,SKU #1934497,UPC: 026200101927,$2.93 
GALLOP-N-GO STICK PONY - PLUSH,SKU #538569,UPC: 000772021760,$14.69 
PENCIL TOP ERASERS,SKU #368452,UPC: 731015131624,$29.41 
TOOTLE TURTLE BUBBLES,SKU #1123881,UPC: 000772061438,$22.06 
DOLL CLOTHES-  PARTY TIME SET,SKU #1191663,UPC: 028444800628,$1.18 
PLUSH DRAGONS STUFFED ANIMALS,SKU #1776787,null,$0.59 
PLUSH SMALL REALISTIC WHITE TIGERS,SKU #1905315,UPC: 049392258002,$5.65 
MINI PULL STRING DISCS,SKU #1903924,UPC: 049392678633,$9.54 
BUBBLE GUN,SKU #2131922,UPC: 841175111272,$18.37 
"9"" 1:24 AVENTADOR LP700 WHITE LA24W",SKU #1866571,null,$73.51 
SHARK - PLUSH,SKU #538557,UPC: 000772021265,$11.01 
AIRPLANE,SKU #2184463,UPC: 841175113832,$22.04 
KRAFT PURE HONEY CUP,SKU #915381,null,$0.85 
STICK PENS - 10 PACK - BLACK INK,SKU #528971,UPC: 871936006257,$1.59 
TRACK SUPPORT (6 PACK),SKU #538448,UPC: 000772007085,$14.71 
"TOY TURTLES - 8""",SKU #1776633,UPC: 049392268926,$0.15 
CRAZY BUBBLES,SKU #2131924,UPC: 841175109927,$107.34 
CORRECTION TAPE 2 PACK,SKU #1980556,UPC: 619342151525,$1.47 
MARKERS - 10,SKU #679125,null,$0.99 
"SCHLEICH WILD LIFE ANIMALS (SQUIRREL, EATING)",SKU #1847621,UPC: 4005086146846,$0.99 
PLASTIC SLIDE WHISTLES,SKU #1903684,UPC: 049392630211,$14.69 
SMUCKERS CONCORD GRAPE JELLY,SKU #680155,null,$293.38 
SCHLEICH WILD LIFE ANIMALS (RED DEER),SKU #1847554,UPC: 4005086146471,$3.41 
SPARKLE DECORATING GEL GOLD - 3.5 OZ.,SKU #663152,UPC: 070896410603,$58.81 
PENCIL SHARPENERS - 6 PACK - DUAL BLADES,SKU #409045,UPC: 871936001504,$2.13 
THOMAS TRAIN CHOCOLATE CHIP COOKIE BAG,SKU #1941188,UPC: 845120055017,$3.87 
BLACK FIDGET SPINNER TOYS,SKU #2266705,null,$8.51 
SEGMENTED PLASTIC JUMP ROPE 16-FT. RED/BLUE/WHIT,SKU #508576,UPC: 710858007259,$0.40 
MAGNETIC WOODEN ALPHABET,SKU #538400,UPC: 000772004480,$0.85 
BROWNSON BEAR,SKU #1124025,UPC: 000772077217,$14.69 
LARGE WILD ANIMALS,SKU #1776729,UPC: 049392615188,$9.54 
SCHLEICH FARM LIFE ANIMALS (HEN),SKU #1848267,UPC: 4005086136465,$5.88 
MARVEL WOLVERINE AND THE X-MEN HEROCLIX TABAPP,SKU #1777720,UPC: 634482708538,$0.91 
"COPY PAPER 50 SHEETS 8.5 X 11""",SKU #1392736,UPC: 042196450153,$1.01 
"2.75"" EMOJI POOP PLUSH CLIP ON",SKU #2191617,null,$3.07 
NEON PENCIL SHARPENERS,SKU #1776541,UPC: 049392654286,$58.81 
FIGURES POLICE BAG 913,SKU #904402,UPC: 075656021990,$25.72 
NISSIN CUP NOODLES - SPICY CHILI CHICKEN FLAVOR,SKU #1895221,null,$0.39 
BLENDABLE COLORED PENCILS SET,SKU #1346588,UPC: 840929022338,$3.90 
LIPTON CAFFEINATED TEA BAGS CASE OF 1000,SKU #1275498,null,$0.04 
SUPER KITCHEN,SKU #2124456,UPC: 841175116611,$5.13 
DISNEY FROZEN DRESS UP SET,SKU #1940137,null,$1.34 
MY MINI KITCHEN SERIES,SKU #2124445,UPC: 841175114808,$3.53 
JUMBO PLUSH SCALY SNAKES,SKU #1776766,UPC: 049392623565,$0.03 
TABLE TENNIS SET - 5PCS,SKU #701007,null,$3.91 
SEA TURTLE - PLUSH,SKU #538558,UPC: 000772021272,$6.63 
PLASTIC CONSTRUCTION TRUCKS,SKU #1272386,UPC: 721003167070,$1.27 
PEPPERIDGE FARM 100 CALORIE CHESSMEN BUTTER COOKIES,SKU #1175745,UPC: 014100089742,$0.45 
WWII GLIDERS,SKU #1904165,UPC: 049392702352,$0.51 
SACK OF SNAKES,SKU #539073,UPC: 000772060639,$3.68 
HAPPY KITTEN,SKU #1916552,UPC: 7290005076862,$0.57 
DOLL CLOTHES PROM DRESS - SILVER,SKU #691349,UPC: 028444820077,$0.24 
4 PIECE MINI FIRE TRUCKS,SKU #2184451,UPC: 841175104656,$62.72 
CHARMS MINI POPS,SKU #1776793,null,$2.13 
SEGMENTED PLASTIC JUMP ROPE 7-FT. RED/WHITE,SKU #508577,UPC: 710858007266,$0.37 
NATURE VALLEY TRAIL MIX CHEWY FRUIT & NUT BAR,SKU #743292,UPC: 016000439894,$25.72 
PINE CAR DERBY SANDPAPER ASSORTMENT,SKU #1780045,UPC: 724771003809,$1.26 
KARS SWEET N SPICY MIX,SKU #362327,null,$0.94 
NISSIN CHOW MEIN - TERIYAKI BEEF FLAVOR,SKU #1895226,null,$0.24 
WHATTA RING ERASER,SKU #1850716,UPC: 603250692393,$0.16 
TOY CATS,SKU #1776660,UPC: 049392023846,$0.37 
FIRE TRUCK SET,SKU #2184490,UPC: 841175112675,$5.84 
TOSTITOS MEDIUM SALSA TO GO CUP,SKU #1175733,null,$1.12 
BATTERY OPERATED TRAIN SET,SKU #2122914,null,$7.86 
BAZIC ASSORTED COLORS FINE TIP PERMANENT MARKERS,SKU #2182077,UPC: 764608012918,$88.71 
SCHLEICH FARM LIFE ANIMALS (RAM),SKU #1848286,UPC: 4005086132665,$1.28 
WATER BALLOON BOMBS WITH FILLER - 100 PIECES,SKU #1904268,UPC: 049392270509,$1.49 
BEAUTY BATTERY OPERATED PURSE WITH LIGHT & ACCESSORIES,SKU #1940419,UPC: 688999012855,$1.61 
DOLL CLOTHES-  ZEBRA DRESS-BLACK/WHITE,SKU #1191661,UPC: 028444866297,$0.14 
PLAY MONEY SET,SKU #1944215,UPC: 731015221028,$0.40 
TOY SEA LIFE CREATURES,SKU #1776634,null,$23.82 
GATORADE PERFORM 02 POWDER PACKET-GLACIER FREEZE,SKU #697735,null,$1.47 
TRENDY'S BEAUTIFUL GIRL LIGHT SKIN,SKU #2122975,null,$5.44 
SATIN STAR PLUSH TOY,SKU #1909613,null,$18.38 
MEADOW MEDLEY PIGGY,SKU #1124057,UPC: 000772074087,$1.12 
WORKBOOK FIRST GRADE SCHOLAR,SKU #905214,UPC: 076645021564,$1.84 
NATURE VALLEY PEANUT BUTTER GRANOLA BAR,SKU #362570,null,$9.54 
MY HORSE CLOVER MAGNETIC DRESS UP,SKU #1288258,UPC: 000772085915,$0.18 
LITTLE CHESTNUT BEAR,SKU #1124045,UPC: 000772077477,$0.68 
"BEACHBALL INFLATES - 15""",SKU #1776907,UPC: 049392601860,$14.69 
THE LOVE DOME,SKU #1934086,UPC: 810017010363,$7.35 
"DOLL FASHION GIRL 11"" CDED 4X1",SKU #905718,UPC: 075656010734,$2.21 
SUP CAP GUN,SKU #2184549,UPC: 841175106551,$0.99 
PARK IN A BOTTLE,SKU #1934082,UPC: 810017012633,$0.70 
OOEY GOOEY SNOTTY SLIME KIT,SKU #1934113,UPC: 810017014200,$0.12 
JUMBO AQUATIC SQUIRTERS,SKU #1895102,UPC: 049392604298,$0.17 
PLUSH DONKEY,SKU #1934155,UPC: 085754047365,$5.00 
WATER BOMB DISC GAME,SKU #2131434,UPC: 841175103048,$0.59 
"10.4"" 1:14 MINICOOPERS BLUE",SKU #1866592,null,$0.34 
GOLD SHARPIE METALLIC FINE POINT PERMANENT MARKER,SKU #1213336,UPC: 071641054905,$5.13 
MINI ORCHESTRA - SET OF 4,SKU #1916585,UPC: 7290002582342,$51.46 
WELCHS FRUIT SNACK 4 COUNT - POUCH BERRIES N CHERRIES,SKU #1994979,UPC: 034856204923,$86.75 
ANIMAL WATER GUNS,SKU #1895103,UPC: 049392616376,$1.25 
"26"" GREEN BIG EYE TURTLE",SKU #1265641,null,$9.54 
MINI GOLF GARDEN PARTY,SKU #1916540,UPC: 7290011812058,$1.84 
"TOY SHARK - 14""",SKU #1776626,UPC: 049392024041,$4.47 
"10"" FRICTION RACING CAR",SKU #2133414,UPC: 688999100880,$2.19 
MINI DESERTSCAPE,SKU #1934079,UPC: 810017012589,$1.34 
"R/C MONSTER PICK UP TRUCK WITH LIGHT  10""",SKU #2122965,null,$1.62 
PENCIL SHARPENER - CONICAL SHAPED TOP,SKU #92792,UPC: 851806000875,$7.34 
SOPHIE COLLECTION,SKU #2123669,UPC: 841175103727,$0.60 
NISSIN TOP RAMEN - ORIENTAL FLAVOR,SKU #1895245,null,$4.59 
WORLD TECH ELITE 35683 2.4GHZ NEMO SPY DRONE WITH CAMERA,SKU #2181052,null,$0.10 
FIRE TRUCKS,SKU #2184491,UPC: 841175113108,$0.30 
NABISCO MINI NILLA WAFERS,SKU #1237038,UPC: 019320001031,$0.95 
BABY WILD ANIMALS,SKU #1776732,UPC: 049392042892,$2.43 
DINOSAURS,SKU #2184485,UPC: 841175112545,$6.35 
CONSTRUCTION MINI BUBBLES,SKU #1905067,UPC: 049392620977,$1.81 
"WHITE CHALK - 3"" STICKS - 12 PACK BOXED.",SKU #92871,null,$0.99 
LIME GREEN CANDY BUFFET CYLINDERS,SKU #2186335,UPC: 886102961544,$1.56 
AMELIA DOLL TRIO DARK SKIN,SKU #1895311,UPC: 688999201662,$1.31 
"8"" PLUSH TOY DOLPHIN",SKU #1909676,null,$0.87 
BLUE SPATTERWARE PLATES AND BOWLS MINIATURES - 12 CT,SKU #1205293,UPC: 082676109751,$14.69 
TEXAS PETE HOT SAUCE BOTTLE,SKU #1487533,UPC: 075500000270,$32.78 
BULK SIDEWALK CHALK BOXES,SKU #1776318,UPC: 049392679784,$0.99 
JUMBO HORSE TOY ANIMALS,SKU #1776672,UPC: 049392604137,$5.87 
WORKBOOK MULTI MADE EASY 3-4,SKU #905205,UPC: 076645021083,$1.18 
SPORTS SPLAT BALLS,SKU #1776888,UPC: 049392625491,$3.31 
COBRA RC TOYS 908723 2.4GHZ MINI UFO QUAD COPTER WITH PROTECTIVE FRAME,SKU #2171708,null,$58.81 
PLUSH LYING DOG,SKU #2169762,UPC: 085754047921,$11.01 
TOY DOGS,SKU #1776661,UPC: 049392023853,$0.82 
RAINFOREST BIOSPHERE,SKU #1934114,UPC: 810017010196,$1.54 
JUMP ROPE WITH HANDLE,SKU #1997212,UPC: 827680345722,$1.84 
CONSTRUCTION WORKER TOY FIGURES,SKU #1903664,UPC: 049392024669,$1.12 
OFF-ROAD PLAYSET,SKU #2184518,UPC: 841175113160,$25.71 
VEHICLE DIE CAST 3PK 4X7,SKU #903819,UPC: 075656034815,$0.94 
SAF-T-POPS,SKU #1776797,null,$14.69 
BETTY CROCKER CHOCOLATE CHIP OATMEAL BAR,SKU #1487848,UPC: 016000459779,$1.03 
GATORADE PERFORM 02 POWDER PACKET G2 - FRUIT PUNCH,SKU #697733,null,$1.33 
YOUTH SIZE SWIMMING GOGGLES,SKU #1941339,null,$0.59 
ANDREA AND FRIENDS,SKU #2123680,UPC: 841175103192,$15.71 
POLKA DOT FROGS,SKU #1776749,null,$0.43 
BEAUTY DOLL COLLECTION,SKU #2122916,null,$10.87 
MAGICIANS CARD TRICKS VIDEO,SKU #565678,UPC: 742548008024,$11.01 
PRESCHOOL WORKBOOK: LITTLE THINKERS PRESCHOOL,SKU #1794565,UPC: 076645021106,$0.44 
CHARMS CANDY ASSORTMENT - 180 PIECES PER BAG,SKU #1776794,UPC: 014200088102,$0.70 
TAZO CALM CHAMOMILE HERBAL INFUSION TEA,SKU #362849,UPC: 794522200238,$16.18 
"48"" BRACHIOSAURUS WITH SOUND & PICTURE HANGTAG",SKU #1946760,null,$0.59 
"R/C CONCEPT POLICE CAR (OPEN & CLOSE DOOR ) 9""",SKU #2122961,UPC: 688999688821,$0.44 
CANDY SUCKERS,SKU #1776799,null,$0.88 
MUSCIAL BAND-IN-A-BOX,SKU #538407,UPC: 000772004886,$0.26 
HIGH BOUNCE BALL ASSORTMENT,SKU #1933619,null,$0.02 
GLOW GOO,SKU #1934112,UPC: 810017013401,$21.00 
HAPPY BABY STACKER,SKU #1916549,UPC: 7290002582168,$1.18 
WORLD TECH TOYS 35975 3.5-CHANNEL SPARROW RC GYRO HELICOPTER,SKU #2181090,null,$0.78 
"INTEGRA  ALUMINUM POCKET PENCIL SHARPENER, STEEL, SILVER",SKU #944936,UPC: 035255428521,$0.32 
CAMO PARATROOPER,SKU #1903726,UPC: 049392623008,$0.19 
NISSIN BIG CUP NOODLES HOMESTYLE - BEEF,SKU #1895242,null,$13.44 
DIECAST CAR COLLECTION (12 PIECE SET),SKU #1895310,UPC: 688999100712,$1.12 
"10"" 1:18 PORSCHE 911 GT3 RS PGT18B",SKU #1866618,null,$3.04 
MEADOW MEDLEY CHOCOLATE PUPPY,SKU #1124050,UPC: 000772074018,$1.34 
CITY GARAGE PLAY SET,SKU #2122919,UPC: 688999025992,$6.50 
PLUSH PSYCHEDELIC SNAKES,SKU #1776757,UPC: 049392601594,$14.90 
FRANKS RED HOT ORIGINAL SAUCE,SKU #651935,null,$0.54 
"14"" EXCAVATOR",SKU #2128848,UPC: 841175115072,$5.88 
FORMULA RACERS,SKU #2184493,UPC: 841175111173,$4.04 
EZ GEL PEN ASSORTMENT,SKU #697924,UPC: 603250675204,$0.22 
TASMAINIAN DEVIL GOAL CHART,SKU #1988420,UPC: 047256038371,$4.09 
TWININGS OF LONDON GREEN TEA,SKU #362954,UPC: 070177176365,$2.94 
PAWPRINT PENCILS - BLUE,SKU #1895173,null,$0.32 
GIANT PLUSH FROG,SKU #1932245,UPC: 085754047631,$8.81 
BULK CHALK SIDEWALK COLORED 15 PACK,SKU #1470824,UPC: 871936009005,$0.80 
"TOY INSECTS - 2""",SKU #1776641,UPC: 049392023785,$0.22 
DELUXE ADULT SWIMMING GOGGLES,SKU #1941556,null,$1.35 
PURPLE CANDY BUFFET CYLINDERS,SKU #2186436,UPC: 886102961490,$6.51 
CATNAP KITTIES PLUSH TOY WHITE,SKU #1227102,UPC: 897579002005,$1.49 
SCHLEICH FARM LIFE ANIMALS (SHROPSHIRE LAMB),SKU #1848261,UPC: 4005086136823,$2.16 
TRENDY'S AMELIA EN VOUGE GIRL,SKU #2122973,null,$3.26 
POP BLOCS FARM ANIMALS,SKU #1858507,UPC: 000772091961,$0.69 
PAPERMATE LIQUID PAPER 22 ML,SKU #2127084,UPC: 041540747017,$1.12 
"17"" BABY DOLL",SKU #2127265,UPC: 841175108395,$10.29 
RAINBOW KICKBALLS,SKU #1904978,UPC: 049392700891,$11.01 
TOY BUTTERFLIES,SKU #1776656,UPC: 049392073322,$6.99 
DAGEDAR SUPERCHARGED BALL BEARING HIGH SPEED SET,SKU #1892717,UPC: 847194000627,$14.71 
FLOWING PUTTY,SKU #1934111,UPC: 810017013135,$3.31 
DR. SEUSS PENCIL GRIPS,SKU #290235,UPC: 603250670261,$8.82 
LACING BEADS IN A BOX,SKU #538789,UPC: 000772037754,$2.39 
SLINKY DOG PLUSH,SKU #927138,UPC: 071547022664,$0.45 
"12 PIECE 4""  TRACTOR FARM PLAY SET WITH ACCSS IN W",SKU #2128504,null,$11.29 
SCHOOL ZONE LEARNING SET-COUNTING MONEY,SKU #2190137,null,$9.54 
BABY DRUM,SKU #1916589,UPC: 7290002582038,$0.18 
"5.5"" REALISTIC LIZARDS",SKU #1945947,null,$0.53 
WATER WIGGLERS WITH PRINT PENGUIN,SKU #1949083,UPC: 815895017275,$3.53 
"24"" PENGUIN",SKU #1947303,null,$0.23 
LARGE TOY SOLDIERS,SKU #1903935,UPC: 049392637364,$6.50 
WORLD TECH TOYS 34452 4.5-CHANNEL 2.4GHZ MICRO SUPERNOVA QUAD DRONE,SKU #2181054,null,$0.25 
STUDDY BUDDY INFERNO PEN/HIGHLIGHTER,SKU #290257,UPC: 603250669678,$2.19 
FRISKY FOX,SKU #1124009,UPC: 000772076227,$31.50 
"KEEBLER STRAWBERRY BARS, 100 CALORIES, .81 OZ, 12/BX",SKU #932411,UPC: 380000128394,$12.59 
"17"" NATURAL PLUSH TOY STUFFED TEDDY BEARS",SKU #2123710,null,$2.66 
WORLD TECH TOYS 35850 3.5-CHANNEL HERCULES GYRO RC HELICOPTER,SKU #2181080,null,$1.69 
TRIPLE CANDY MACHINE,SKU #1757856,null,$0.17 
DIE CAST CAR COLLECTION (16 PIECE SET ),SKU #1940427,UPC: 688999200153,$1.54 
MATTEL P9647 WWE(R) ELITE COLLECTION ASSORTMENT,SKU #2175829,null,$19.82 
"BIGELOW TEA COMPANY HERBAL TEAS, 6/CT, ASSORTED FLAVORS",SKU #933151,UPC: 072310165786,$0.44 
I SPY PRESCHOOL GAME,SKU #738233,UPC: 761707061038,$0.59 
TOY SHARK AND WHALE,SKU #1776622,UPC: 049392023792,$13.75 
PINE CAR DERBY CAR KIT-BASIC,SKU #1780043,UPC: 724771003700,$0.50 
BABY FERGUSON BEAR,SKU #1124037,UPC: 000772077392,$6.71 
SCHLEICH FARM LIFE ANIMALS (ROOSTER),SKU #1848266,UPC: 4005086136458,$102.50 
DOORBELL HOUSE,SKU #538594,UPC: 000772025058,$27.49 
SCHLEICH WILD LIFE ANIMALS (POLAR BEAR),SKU #1847613,UPC: 4005086146594,$16.18 
NISSIN BIG CUP NOODLES HOMESTYLE - SPICY CHICKEN,SKU #1895223,null,$12.59 
"BIC CORPORATION ROUND STIC BALLPOINT PEN,MED. POINT,60/BX,BLACK INK",SKU #967412,UPC: 070330131620,$30.65 
GREEN LANYARDS,SKU #1895184,UPC: 049392229125,$12.99 
MATTEL P9562 WWE(R) BASIC FIGURE ASSORTMENT,SKU #2175828,null,$0.24 
PLUSH SCALY SNAKES,SKU #1776767,UPC: 049392623572,$3.81 
"FRICTION RACING CAR 9""",SKU #1982876,null,$38.43 
EXOTIC ESCAPE,SKU #1934075,UPC: 810017017454,$0.31 
PRESCHOOL WORKBOOKS 32 PAGES-COUNTING 1-10,SKU #653919,UPC: 076645020567,$0.71 
PINE CAR DERBY RACING WHEELS,SKU #1780034,UPC: 724771003472,$3.04 
RAINFOREST CLOUD GARDEN,SKU #1934069,UPC: 810017014569,$22.04 
GLITTER DOLL ACCESSORY GIFT SET,SKU #1944226,UPC: 028444894115,$8.82 
MINI LEARNING GAMES 40 PIECES-ALPHABET,SKU #1465427,UPC: 705988112379,$11.01 
TRIXIE ORANGE TABBY,SKU #1123989,UPC: 000772075404,$1.75 
BABY FLOAT,SKU #2128938,UPC: 078257313402,$17.65 
NISSIN RAMEN BOWL - SPICY CHICKEN FLAVOR,SKU #1895233,UPC: 7066226003,$1.32 
"9"" FLYING DISC TOY",SKU #1982692,UPC: 841175111456,$9.80 
CRAVE N RAVE SPIKERZ BITE SIZE CRACKERS - EL NACHO,SKU #1864945,UPC: 675825511101,$9.54 
BODA B VITAMIN DRINK 8.4 FL OZ 4-PACK CANS,SKU #1878216,UPC: 857755002045,$11.03 
"33"" 3 ASSORTED GLITTER JELLYFISHES - BLUE",SKU #1947748,null,$12.49 
PIXEL POPS PANDA,SKU #1925798,UPC: 622222070489,$0.81 
RETRACTABLE PENS - 5 PACK - BLUE INK,SKU #1857656,null,$1.28 
FLUORESCENT HIGHLIGHTER PEN MARKERS -4 PACK,SKU #394330,UPC: 871936005748,$7.16 
FIREFIGHTER PUPPET,SKU #538598,UPC: 000772025522,$0.99 
KEEBLER BUG BITES CINNAMON GRAHAM,SKU #1032484,UPC: 030100558569,$0.38 
MAXWELL SCOTTIE,SKU #1123982,UPC: 000772074889,$18.37 
BULK SUPERHERO DISC SHOOTERS,SKU #1939491,UPC: 049392044414,$3.04 
PACIFIC ARC GRAPHITE DRAWING PENCIL SETS (SET OF 6),SKU #1824893,null,$7.56 
PLUSH POPSICLE,SKU #1934687,UPC: 085754047341,$18.38 
"NESTLE' USA POWDERED CREAMER, ORIGINAL, 22 OZ, 1/BX",SKU #933191,UPC: 050000302123,$47.05 
"13.5"" STACEY DOLL",SKU #2126560,UPC: 841175115690,$3.04 
POPULAR LITERATURE TO TEACH READING AND WRITING,SKU #1472222,UPC: 044222112042,$16.18 
CAT FIGURES,SKU #1776658,UPC: 049392015766,$1.07 
"CELESTE - 14"" PRINCESS DOLL",SKU #1123918,UPC: 000772048781,$14.69 
"ALL PURPOSE STIK MINI GLUE STICKS-.28""X4"" 50/PKG",SKU #655705,UPC: 018239337521,$1.60 
MURRAY SUGAR FREE SHORTBREAD COOKIES,SKU #362555,null,$0.74 
"4"" TO 7"" PLUSH TOY MIX",SKU #1935125,null,$14.71 
MAGIC CREATION -SPLASH OF FASHION,SKU #1916450,UPC: 7290005076466,$1.75 
BAZIC SUBTRACTION FLASH CARDS (36/PACK),SKU #311524,UPC: 764608005330,$3.66 
PLUSH JUMBO FLAME SNAKES,SKU #1776760,UPC: 049392606056,$13.88 
"MEDIUM GREEN GRASS BLENDED TURF - 20"" X 20"" X 20""",SKU #1042375,UPC: 853412003479,$4.03 
RED WINE VINEGAR PACKET,SKU #1488368,null,$27.72 
CUP OF COFFEE TIMELESS MINIATURES,SKU #1205296,UPC: 082676486784,$1.07 
COBRA RC TOYS 909504 2.4GHZ AVP DRONE,SKU #2171721,null,$4.25 
ANDREA DOLL,SKU #2124459,UPC: 841175116901,$0.53 
MINI ANT TOYS,SKU #1776646,UPC: 049392268698,$1.99 
RED/YELLOW TULIPS - 16 PACK,SKU #1042356,UPC: 853412003073,$0.96 
ORIGINAL RED HEEL SOCK DOLLS-SIZE 10-11,SKU #659519,UPC: 087839060337,$3.44 
BALL POINT PEN 8 /PACK - GREEN,SKU #1285119,UPC: 672672137621,$5.87 
"24"" BABY DOLL",SKU #2127266,UPC: 841175108418,$24.46 
PINE CAR DERBY RACER KIT-CAN AM,SKU #1780049,UPC: 724771039471,$7.34 
PENCIL SHAPE SHARPENERS,SKU #1776543,UPC: 049392767481,$2.99 
"PEN STYLE HIGHLIGHTER, CHISEL POINT, FLUORESCENT GREEN",SKU #967816,UPC: 035255361859,$1.28 
FRICTION MOTORCYCLE W/LIGHT & MUSIC (BATT.INCL,SKU #1902206,UPC: 688999018192,$3.81 
4-PACK OF CRAYONS,SKU #312962,UPC: 085317004439,$4.75 
AQUA BLASTER WATER GUN,SKU #1949028,UPC: 841175111401,$11.01 
MANNERS MADE EASY - POLITE PIGPALS CLEANUP CREW,SKU #2184384,UPC: 864974000103,$6.71 
"78"" BILLIARD FLOAT",SKU #2185409,null,$0.19 
NABISCO WHEAT THINS - ORIGINAL,SKU #652001,null,$22.04 
WORKBOOKS-MATH BASICS 3,SKU #1465326,UPC: 076645022035,$0.08 
TROPICAL FISH FIGURINES,SKU #1909622,null,$0.16 
"4"" STRIPED PLUSH TOY FISH",SKU #1909624,null,$0.12 
THOMAS TRAIN SUGAR COOKIE BAG,SKU #1941189,UPC: 845120055024,$2.94 
22 PIECE TEA PARTY PLAY SET IN WINDOW BOX,SKU #2128526,null,$8.13 
ZOO ANIMAL PARACHUTIST,SKU #1902272,null,$4.03 
CRAYOLA WASHABLE SIDEWALK CHALK,SKU #1873493,UPC: 071662612160,$0.33 
"KNOBBY BALLS 7""",SKU #1904325,UPC: 049392289716,$12.97 
DECIDUOUS TREES - 3 PACK,SKU #1042362,UPC: 853412003219,$1.28 
TWININGS OF LONDON HERBAL TEA ORANGE AND CINNAMON,SKU #1864500,UPC: 070177179502,$0.04 
MONKEY FIGURES,SKU #1903820,null,$0.05 
FRICTION POLICE CAR WITH LIGHT & SOUND (BATTER,SKU #2122936,UPC: 688999008391,$0.54 
REFILLABLE CORRECTION TAPE MR 5MMX6M-PINK,SKU #2189999,UPC: 893357000157,$0.45 
HAMMER & SAW TOOL BENCH PLAY SET,SKU #1870174,UPC: 000772093866,$0.26 
LARGE PRINT WORD FIND - FULL SIZE BOOK,SKU #1458923,null,$14.69 
LIGHT GREEN WIRE FOLIAGE TREES - 24 PACK,SKU #1042357,UPC: 853412003080,$38.44 
"WONKA MIX-UP CANDIES, 115 PIECES, 40 OZ., ASSORTED CANDY",SKU #933892,UPC: 079200857417,$0.94 
PLUSH MULTICOLOR HANGING MONKEYS,SKU #1776775,UPC: 049392721254,$11.99 
SOLAR SYSTEM FOAM MAP LEARNING KIT,SKU #426050,UPC: 731015131037,$2.30 
SUPERHERO GLIDERS,SKU #1939498,UPC: 049392629383,$0.64 
NISSIN SOUPER MEAL - PICANTE SHRIMP FLAVOR,SKU #1895213,null,$1.10 
NISSIN CHOW MEIN - SPICY CHICKEN FLAVOR,SKU #1895235,null,$52.93 
GEL PENS 24 CT ASSORTMENT,SKU #2127088,UPC: 619342019245,$1.91 
WILDFLOWER GARDEN,SKU #1934080,UPC: 810017012619,$0.88 
CREATIVE COLORS - #2 PENCILS 8 COUNT,SKU #1948920,UPC: 619342022085,$1.29 
MARVEL 33758 REMOTE-CONTROL 4.5-CHANNEL 2.4GHZ MARVEL(R) IRON MAN(R) MICRO DRONE,SKU #2175719,null,$14.71 
PARKING TICKETS,SKU #565618,UPC: 099996000071,$0.52 
RELAX-A-MAT,SKU #2130613,UPC: 078257316922,$0.30 
HOW TO TRAIN YOUR DRAGON 2 MEDIUM ASSORTMENT,SKU #1931381,null,$3.04 
MISPRINT SUPER BRIGHT LED CLARION STYLE FLASHLIGHT PLASTIC PEN,SKU #1301017,null,$0.25 
PENGUIN TOY ANIMALS,SKU #1776619,UPC: 049392621066,$8.81 
MULTICOLORED FLOWER TREES - 8 PACK,SKU #1042351,UPC: 853412003028,$0.29 
DUCK CALL WHISTLE NECKLACE,SKU #1902334,null,$0.21 
PRESCHOOL WORKBOOKS 32 PAGES-ABC DOT TO DOT,SKU #653917,UPC: 076645020703,$29.34 
MINI TREE FROG TOYS,SKU #1776688,UPC: 049392078792,$25.41 
"AKAI KS515 CD+G KARAOKE PLAYER WITH 3.5"" SCREEN",SKU #2169923,null,$2.69 
"TOY FROGS/3""",SKU #1776683,null,$1.66 
TRENDY FASHION DOLL WITH HANDBAG,SKU #1944244,UPC: 731015215300,$4.19 
BAZIC YELLOW DESK STYLE FLUORESCENT HIGHLIGHTERS (12/BOX),SKU #1892811,UPC: 764608023327,$22.06 
SANDBOX CASTLE 2-IN-1 SAND AND WATER TABLE WITH BE,SKU #1866519,null,$13.75 
MARVEL 34902 REMOTE-CONTROL 4.5-CHANNEL 2.4GHZ MARVEL(R) SPIDER-MAN(R) SUPER DRONE,SKU #2175725,null,$1.09 
SUPERHERO BUBBLES,SKU #1939492,UPC: 049392629314,$1.22 
COLORED WOODCASE PENCIL,SKU #506257,UPC: 072067224804,$2.06 
K & S METAL STREAMLINES (BRASS),SKU #1848784,UPC: 614121101227,$8.75 
HUSKY - PLUSH DOG,SKU #538548,UPC: 000772021111,$11.03 
STAR WARS ASSORTED CHARACTER DEFLATED PLAYBALL,SKU #1997908,null,$39.69 
MARVEL 34896 ULTIMATE SPIDER-MAN IR HEROCOPTER HELICOPTER & KINETIC 50 PK AA,SKU #2175724,null,$29.41 
"6"" BUCKET SAND PLAY SET",SKU #1894241,UPC: 688999109067,$2.38 
RAINBOW PONY,SKU #1935542,UPC: 841175108159,$0.06 
BUDS BEST GINGER SNAPS COOKIES,SKU #345697,UPC: 745527520128,$52.93 
BUBBLE GUN BLOWER,SKU #702663,null,$14.71 
PINE CAR DERBY RACER KIT-BLUE VENOM,SKU #1780050,UPC: 724771039501,$6.37 
"MISPRINT 3 IN 1 PLASTIC HIGHLIGHTER, PEN AND STICKY TAPE",SKU #1865033,null,$0.20 
SCHLEICH WILD LIFE ANIMALS (CHIMPANZEE FEMALE WITH BABY),SKU #1847597,UPC: 4005086141919,$6.49 
WHOLESALE 27MM BOWLING BALL SUPERBALLS,SKU #1877517,null,$0.90 
DOLL CLOTHES LEOPARD PAJAMAS - PINK/WHITE,SKU #691344,UPC: 028444820091,$14.69 
DRAGON SQUIRTS WATER GUN COUNTERTOP DISPLAY,SKU #1995023,UPC: 046354716907,$1.19 
SCENTED MINI TWIST GEL PENS,SKU #290253,UPC: 603250667841,$14.69 
BULK BUYS OLD GEEZER HAIR PLUGS,SKU #1990008,UPC: 825156027813,$22.06 
